ISBN,Book-Title,Book-Author,Year-Of-Publication,Publisher,Image-URL-S,Image-URL-M,Image-URL-L
0440234743,The Testament,John Grisham,1999,Dell,http://images.amazon.com/images/P/0440234743.01.THUMBZZZ.jpg,http://images.amazon.com/images/P/0440234743.01.MZZZZZZZ.jpg,http://images.amazon.com/images/P/0440234743.01.LZZZZZZZ.jpg
0971880107,Wild Animus,Rich Shapero,2004,Too Far,http://images.amazon.com/images/P/0971880107.01.THUMBZZZ.jpg,http://images.amazon.com/images/P/0971880107.01.MZZZZZZZ.jpg,http://images.amazon.com/images/P/0971880107.01.LZZZZZZZ.jpg
0345417623,Timeline,MICHAEL CRICHTON,2000,Ballantine Books,http://images.amazon.com/images/P/0345417623.01.THUMBZZZ.jpg,http://images.amazon.com/images/P/0345417623.01.MZZZZZZZ.jpg,http://images.amazon.com/images/P/0345417623.01.LZZZZZZZ.jpg
0446310786,To Kill a Mockingbird,Harper Lee,1988,Little Brown &amp; Company,http://images.amazon.com/images/P/0446310786.01.THUMBZZZ.jpg,http://images.amazon.com/images/P/0446310786.01.MZZZZZZZ.jpg,http://images.amazon.com/images/P/0446310786.01.LZZZZZZZ.jpg
0440225701,The Street Lawyer,JOHN GRISHAM,1999,Dell,http://images.amazon.com/images/P/0440225701.01.THUMBZZZ.jpg,http://images.amazon.com/images/P/0440225701.01.MZZZZZZZ.jpg,http://images.amazon.com/images/P/0440225701.01.LZZZZZZZ.jpg
0804106304,The Joy Luck Club,Amy Tan,1994,Prentice Hall (K-12),http://images.amazon.com/images/P/0804106304.01.THUMBZZZ.jpg,http://images.amazon.com/images/P/0804106304.01.MZZZZZZZ.jpg,http://images.amazon.com/images/P/0804106304.01.LZZZZZZZ.jpg
0316769487,The Catcher in the Rye,J.D. Salinger,1991,"Little, Brown",http://images.amazon.com/images/P/0316769487.01.THUMBZZZ.jpg,http://images.amazon.com/images/P/0316769487.01.MZZZZZZZ.jpg,http://images.amazon.com/images/P/0316769487.01.LZZZZZZZ.jpg
0786868716,The Five People You Meet in Heaven,Mitch Albom,2003,Hyperion,http://images.amazon.com/images/P/0786868716.01.THUMBZZZ.jpg,http://images.amazon.com/images/P/0786868716.01.MZZZZZZZ.jpg,http://images.amazon.com/images/P/0786868716.01.LZZZZZZZ.jpg
0671027360,Angels &amp; Demons,Dan Brown,2001,Pocket Star,http://images.amazon.com/images/P/0671027360.01.THUMBZZZ.jpg,http://images.amazon.com/images/P/0671027360.01.MZZZZZZZ.jpg,http://images.amazon.com/images/P/0671027360.01.LZZZZZZZ.jpg
0060976845,Little Altars Everywhere: A Novel,Rebecca Wells,1996,Perennial,http://images.amazon.com/images/P/0060976845.01.THUMBZZZ.jpg,http://images.amazon.com/images/P/0060976845.01.MZZZZZZZ.jpg,http://images.amazon.com/images/P/0060976845.01.LZZZZZZZ.jpg
0452282152,Girl with a Pearl Earring,Tracy Chevalier,2001,Plume Books,http://images.amazon.com/images/P/0452282152.01.THUMBZZZ.jpg,http://images.amazon.com/images/P/0452282152.01.MZZZZZZZ.jpg,http://images.amazon.com/images/P/0452282152.01.LZZZZZZZ.jpg
044023722X,A Painted House,John Grisham,2001,Dell Publishing Company,http://images.amazon.com/images/P/044023722X.01.THUMBZZZ.jpg,http://images.amazon.com/images/P/044023722X.01.MZZZZZZZ.jpg,http://images.amazon.com/images/P/044023722X.01.LZZZZZZZ.jpg
0142001740,The Secret Life of Bees,Sue Monk Kidd,2003,Penguin Books,http://images.amazon.com/images/P/0142001740.01.THUMBZZZ.jpg,http://images.amazon.com/images/P/0142001740.01.MZZZZZZZ.jpg,http://images.amazon.com/images/P/0142001740.01.LZZZZZZZ.jpg
0316666343,The Lovely Bones: A Novel,Alice Sebold,2002,"Little, Brown",http://images.amazon.com/images/P/0316666343.01.THUMBZZZ.jpg,http://images.amazon.com/images/P/0316666343.01.MZZZZZZZ.jpg,http://images.amazon.com/images/P/0316666343.01.LZZZZZZZ.jpg
044021145X,The Firm,John Grisham,1992,Bantam Dell Publishing Group,http://images.amazon.com/images/P/044021145X.01.THUMBZZZ.jpg,http://images.amazon.com/images/P/044021145X.01.MZZZZZZZ.jpg,http://images.amazon.com/images/P/044021145X.01.LZZZZZZZ.jpg
0671021001,She's Come Undone (Oprah's Book Club),Wally Lamb,1998,Pocket,http://images.amazon.com/images/P/0671021001.01.THUMBZZZ.jpg,http://images.amazon.com/images/P/0671021001.01.MZZZZZZZ.jpg,http://images.amazon.com/images/P/0671021001.01.LZZZZZZZ.jpg
0312195516,The Red Tent (Bestselling Backlist),Anita Diamant,1998,Picador USA,http://images.amazon.com/images/P/0312195516.01.THUMBZZZ.jpg,http://images.amazon.com/images/P/0312195516.01.MZZZZZZZ.jpg,http://images.amazon.com/images/P/0312195516.01.LZZZZZZZ.jpg
0312278586,The Nanny Diaries: A Novel,Emma McLaughlin,2002,St. Martin's Press,http://images.amazon.com/images/P/0312278586.01.THUMBZZZ.jpg,http://images.amazon.com/images/P/0312278586.01.MZZZZZZZ.jpg,http://images.amazon.com/images/P/0312278586.01.LZZZZZZZ.jpg
0156027321,Life of Pi,Yann Martel,2003,Harvest Books,http://images.amazon.com/images/P/0156027321.01.THUMBZZZ.jpg,http://images.amazon.com/images/P/0156027321.01.MZZZZZZZ.jpg,http://images.amazon.com/images/P/0156027321.01.LZZZZZZZ.jpg
0446672211,Where the Heart Is (Oprah's Book Club (Paperback)),Billie Letts,1998,Warner Books,http://images.amazon.com/images/P/0446672211.01.THUMBZZZ.jpg,http://images.amazon.com/images/P/0446672211.01.MZZZZZZZ.jpg,http://images.amazon.com/images/P/0446672211.01.LZZZZZZZ.jpg
0385504209,The Da Vinci Code,Dan Brown,2003,Doubleday,http://images.amazon.com/images/P/0385504209.01.THUMBZZZ.jpg,http://images.amazon.com/images/P/0385504209.01.MZZZZZZZ.jpg,http://images.amazon.com/images/P/0385504209.01.LZZZZZZZ.jpg
0440211727,A Time to Kill,JOHN GRISHAM,1992,Dell,http://images.amazon.com/images/P/0440211727.01.THUMBZZZ.jpg,http://images.amazon.com/images/P/0440211727.01.MZZZZZZZ.jpg,http://images.amazon.com/images/P/0440211727.01.LZZZZZZZ.jpg
044022165X,The Rainmaker,JOHN GRISHAM,1996,Dell,http://images.amazon.com/images/P/044022165X.01.THUMBZZZ.jpg,http://images.amazon.com/images/P/044022165X.01.MZZZZZZZ.jpg,http://images.amazon.com/images/P/044022165X.01.LZZZZZZZ.jpg
0060928336,Divine Secrets of the Ya-Ya Sisterhood: A Novel,Rebecca Wells,1997,Perennial,http://images.amazon.com/images/P/0060928336.01.THUMBZZZ.jpg,http://images.amazon.com/images/P/0060928336.01.MZZZZZZZ.jpg,http://images.amazon.com/images/P/0060928336.01.LZZZZZZZ.jpg
0671003755,She's Come Undone (Oprah's Book Club (Paperback)),Wally Lamb,1996,Washington Square Press,http://images.amazon.com/images/P/0671003755.01.THUMBZZZ.jpg,http://images.amazon.com/images/P/0671003755.01.MZZZZZZZ.jpg,http://images.amazon.com/images/P/0671003755.01.LZZZZZZZ.jpg
0345370775,Jurassic Park,Michael Crichton,1999,Ballantine Books,http://images.amazon.com/images/P/0345370775.01.THUMBZZZ.jpg,http://images.amazon.com/images/P/0345370775.01.MZZZZZZZ.jpg,http://images.amazon.com/images/P/0345370775.01.LZZZZZZZ.jpg
0446606812,Message in a Bottle,Nicholas Sparks,1999,Warner Vision,http://images.amazon.com/images/P/0446606812.01.THUMBZZZ.jpg,http://images.amazon.com/images/P/0446606812.01.MZZZZZZZ.jpg,http://images.amazon.com/images/P/0446606812.01.LZZZZZZZ.jpg
0060930535,The Poisonwood Bible: A Novel,Barbara Kingsolver,1999,Perennial,http://images.amazon.com/images/P/0060930535.01.THUMBZZZ.jpg,http://images.amazon.com/images/P/0060930535.01.MZZZZZZZ.jpg,http://images.amazon.com/images/P/0060930535.01.LZZZZZZZ.jpg
0345361792,A Prayer for Owen Meany,John Irving,1990,Ballantine Books,http://images.amazon.com/images/P/0345361792.01.THUMBZZZ.jpg,http://images.amazon.com/images/P/0345361792.01.MZZZZZZZ.jpg,http://images.amazon.com/images/P/0345361792.01.LZZZZZZZ.jpg
1400034779,The No. 1 Ladies' Detective Agency (Today Show Book Club #8),Alexander McCall Smith,2003,Anchor,http://images.amazon.com/images/P/1400034779.01.THUMBZZZ.jpg,http://images.amazon.com/images/P/1400034779.01.MZZZZZZZ.jpg,http://images.amazon.com/images/P/1400034779.01.LZZZZZZZ.jpg
0743418174,Good in Bed,Jennifer Weiner,2002,Washington Square Press,http://images.amazon.com/images/P/0743418174.01.THUMBZZZ.jpg,http://images.amazon.com/images/P/0743418174.01.MZZZZZZZ.jpg,http://images.amazon.com/images/P/0743418174.01.LZZZZZZZ.jpg
0440226430,Summer Sisters,Judy Blume,1999,Dell Publishing Company,http://images.amazon.com/images/P/0440226430.01.THUMBZZZ.jpg,http://images.amazon.com/images/P/0440226430.01.MZZZZZZZ.jpg,http://images.amazon.com/images/P/0440226430.01.LZZZZZZZ.jpg
0440236673,The Brethren,John Grisham,2000,Island,http://images.amazon.com/images/P/0440236673.01.THUMBZZZ.jpg,http://images.amazon.com/images/P/0440236673.01.MZZZZZZZ.jpg,http://images.amazon.com/images/P/0440236673.01.LZZZZZZZ.jpg
0446610038,1st to Die: A Novel,James Patterson,2002,Warner Vision,http://images.amazon.com/images/P/0446610038.01.THUMBZZZ.jpg,http://images.amazon.com/images/P/0446610038.01.MZZZZZZZ.jpg,http://images.amazon.com/images/P/0446610038.01.LZZZZZZZ.jpg
067976402X,Snow Falling on Cedars,David Guterson,1995,Vintage Books USA,http://images.amazon.com/images/P/067976402X.01.THUMBZZZ.jpg,http://images.amazon.com/images/P/067976402X.01.MZZZZZZZ.jpg,http://images.amazon.com/images/P/067976402X.01.LZZZZZZZ.jpg
059035342X,Harry Potter and the Sorcerer's Stone (Harry Potter (Paperback)),J. K. Rowling,1999,Arthur A. Levine Books,http://images.amazon.com/images/P/059035342X.01.THUMBZZZ.jpg,http://images.amazon.com/images/P/059035342X.01.MZZZZZZZ.jpg,http://images.amazon.com/images/P/059035342X.01.LZZZZZZZ.jpg
0385484518,"Tuesdays with Morrie: An Old Man, a Young Man, and Life's Greatest Lesson",MITCH ALBOM,1997,Doubleday,http://images.amazon.com/images/P/0385484518.01.THUMBZZZ.jpg,http://images.amazon.com/images/P/0385484518.01.MZZZZZZZ.jpg,http://images.amazon.com/images/P/0385484518.01.LZZZZZZZ.jpg
0345353145,Sphere,MICHAEL CRICHTON,1988,Ballantine Books,http://images.amazon.com/images/P/0345353145.01.THUMBZZZ.jpg,http://images.amazon.com/images/P/0345353145.01.MZZZZZZZ.jpg,http://images.amazon.com/images/P/0345353145.01.LZZZZZZZ.jpg
0440214041,The Pelican Brief,John Grisham,1993,Dell,http://images.amazon.com/images/P/0440214041.01.THUMBZZZ.jpg,http://images.amazon.com/images/P/0440214041.01.MZZZZZZZ.jpg,http://images.amazon.com/images/P/0440214041.01.LZZZZZZZ.jpg
0345337662,Interview with the Vampire,Anne Rice,1993,Ballantine Books,http://images.amazon.com/images/P/0345337662.01.THUMBZZZ.jpg,http://images.amazon.com/images/P/0345337662.01.MZZZZZZZ.jpg,http://images.amazon.com/images/P/0345337662.01.LZZZZZZZ.jpg
0446605239,The Notebook,Nicholas Sparks,1998,Warner Books,http://images.amazon.com/images/P/0446605239.01.THUMBZZZ.jpg,http://images.amazon.com/images/P/0446605239.01.MZZZZZZZ.jpg,http://images.amazon.com/images/P/0446605239.01.LZZZZZZZ.jpg
0375706771,Midwives: A Novel,Chris Bohjalian,1998,Vintage,http://images.amazon.com/images/P/0375706771.01.THUMBZZZ.jpg,http://images.amazon.com/images/P/0375706771.01.MZZZZZZZ.jpg,http://images.amazon.com/images/P/0375706771.01.LZZZZZZZ.jpg
0440221471,The Runaway Jury,JOHN GRISHAM,1997,Dell,http://images.amazon.com/images/P/0440221471.01.THUMBZZZ.jpg,http://images.amazon.com/images/P/0440221471.01.MZZZZZZZ.jpg,http://images.amazon.com/images/P/0440221471.01.LZZZZZZZ.jpg
0060502258,The Divine Secrets of the Ya-Ya Sisterhood: A Novel,Rebecca Wells,2002,HarperTorch,http://images.amazon.com/images/P/0060502258.01.THUMBZZZ.jpg,http://images.amazon.com/images/P/0060502258.01.MZZZZZZZ.jpg,http://images.amazon.com/images/P/0060502258.01.LZZZZZZZ.jpg
044651652X,The Bridges of Madison County,Robert James Waller,1992,Warner Books,http://images.amazon.com/images/P/044651652X.01.THUMBZZZ.jpg,http://images.amazon.com/images/P/044651652X.01.MZZZZZZZ.jpg,http://images.amazon.com/images/P/044651652X.01.LZZZZZZZ.jpg
0375727345,House of Sand and Fog,Andre Dubus III,2000,Vintage Books,http://images.amazon.com/images/P/0375727345.01.THUMBZZZ.jpg,http://images.amazon.com/images/P/0375727345.01.MZZZZZZZ.jpg,http://images.amazon.com/images/P/0375727345.01.LZZZZZZZ.jpg
0316601950,The Pilot's Wife : A Novel,Anita Shreve,1999,Back Bay Books,http://images.amazon.com/images/P/0316601950.01.THUMBZZZ.jpg,http://images.amazon.com/images/P/0316601950.01.MZZZZZZZ.jpg,http://images.amazon.com/images/P/0316601950.01.LZZZZZZZ.jpg
0440220602,The Chamber,John Grisham,1995,Dell Publishing Company,http://images.amazon.com/images/P/0440220602.01.THUMBZZZ.jpg,http://images.amazon.com/images/P/0440220602.01.MZZZZZZZ.jpg,http://images.amazon.com/images/P/0440220602.01.LZZZZZZZ.jpg
0440241073,The Summons,John Grisham,2002,Dell Publishing Company,http://images.amazon.com/images/P/0440241073.01.THUMBZZZ.jpg,http://images.amazon.com/images/P/0440241073.01.MZZZZZZZ.jpg,http://images.amazon.com/images/P/0440241073.01.LZZZZZZZ.jpg
0440222656,The Horse Whisperer,Nicholas Evans,1996,Dell,http://images.amazon.com/images/P/0440222656.01.THUMBZZZ.jpg,http://images.amazon.com/images/P/0440222656.01.MZZZZZZZ.jpg,http://images.amazon.com/images/P/0440222656.01.LZZZZZZZ.jpg
