BarrenBoom,NFnck3lavZ08c
GleefulTicket9,AGqC32xY1aE6oZy
CostlyDredger612,jcYtmiDvsk1ivI
SoreRest21,l5k5xoY2IFFhC
PertinentResist01,7507oqN6SA4nvedcS
ExcitableOutrage7,uZfob5eSLmAzFbW
FlawedSoot66,xmI5sA0S
SpitefulFreelance977,R8JqAQUAZmnoFQs
BothNormalization743,nY6WBaAqBvyy6f8FX
GiddyAntler5898,3nUfs9yLr
SevereMusician,1RmnNyYB5Evqi5cH
NauticalStudy72,emXfUrZDKzq6SN4Ua
RowdyMathematics508,IfDpzSKCcLnAqa3BNq0I
DisgustingEye7024,dTRhqzL0b8Igqx
SarcasticSoutheast89,MkjzeUfd
RadiantEntrepreneur,S0A5oSCaT6RJWal
ModernIngrate044,xx3STJx
HungryTransformation17,y9h1efRgnj4
SpeedyStrobe6,I1Uu0KSAzJLRDCsQr0
FrugalAtrium1814,DEDvZuPPP
FatherlyChill04,kT4AOp
EnlightenedMeantime,7aJXJXLNSzXJ6B54wE4
BowedOncology3170,Tvwi8A0Zj8EA
WindingChutney272,ciVq7EZC510237W
KnowledgeableSlope3536,Bx49C3Mewi0H7Pb
ClearTerrace8,imhnnN4vAQ5yCx
ReasonableChap829,Q0NdfFu5
GlisteningFun2847,L3cvR4RCIqg6rewO
ImmaterialRat501,6V5xRGOwjVh9SHbfJiLO
CraftyAlcove9399,DVeoWctHi9p7YkEN
UnhappyDinghy63,yCgNYz2WMRfl1ax
IdealLabourer3,gtRiaZ0lXzv5bEonXL
SkeletalJudo9,Z0EWpUl
PungentFuck7513,iSEWfbkqDNumCS
SuperFlash3679,ECJqRhbprUF7O9vG7xuP
MoralEquipment2726,OrfHShQTVuhrLktMQk39
ThoroughTriangle2673,mIIW0etcKcamSi6tUw
MinorReasoning696,Nk4lmHeVW60tqyP
AccomplishedManservant0412,Cumfdv0
EmotionalSewer341,vzfc8zL
AusterePomegranate,n9SFdDNEkt2T
ShimmeringCivilian7785,CvPo5JjgsXcHvJg
AgileMonkey,ENC1SLVcS7VT
TremendousCuticle,OmBGmcGZIH
RoyalActivation55,BqtCvDgHa83cI8JbmHZP
StandardServant,XTzkpTRt
SuspiciousHomosexual36,qXwiGG3uFddi
AcrobaticCurriculum4187,bDEueEEHncNddI
AbsoluteTrellis3294,FaFPhW7yQxCHHlmqOmJj
BossyLimit6430,aEJ2m4keYsJMc
WetNoodles8218,RUS4Y7kjWQPmv2ISV5
BestKick-Off737,GnniHcfLh1yEQQ7UoQPk
HealthyPioneer0,fYjaMqaASEnEYWYB01
PositiveSubroutine7011,VU5gsVHsfmk1
MonthlyContest562,CDtD0K
LastingDisparity6,KFTftcfbiR
ConventionalKiller9,WShr1hxUvWTWLqjgMRW
AlertSeed36,BZImM87EOML6uWrVC
TubbyScalp5385,K7qBFzLilTbERD
AridAnticodon1687,mwrdNePpRP6
FatOptimization6599,PQPqN1
ScentedGinseng2,he9VBv
GloomyDisarmament,TKeTLN5rqitiYcCNN3Gu
LeafyLawyer39,n0zRKZGYZ
HairyMouton300,oTs1Mw6tmW
RespectfulValentine43,s9zbsIGHuXgHRbl
IllMalice,l4p4Iju
DryCook9,LYkT0E1rONyYqh
ActualStir-Fry6,hTLSZiGN8Hn
YoungPimple210,CkaQEjpifWmEH5Skt
ImpeccableTussle954,P406SqsKr3
CircularNumeracy1,XIsu8I6j5M
PuzzlingPassion61,2wk60UlIPMvyw4Ee08A
ExcitableMentor7154,8r9WgUos05rY
LeanMillennium0,ChGSmnI7uSxqIgN1J
BelatedSmoke233,B0Gx8c7qIS9D
ConventionalSelf-Confidence,5YZEiG51cz
RoughEntity954,vMXBexq
WhichPiss2,lsNpqdfTwfFRmsB4
OrangePipe954,X4Bknxb74e0
WittyTransom655,NivUJO35pji0UB2v
BoldMorphology7386,rHStVUhmYjFTgTQo
ShabbyComb9,eyEtAe
NuttyClose1,DCr4gu
StingyArrangement2571,lWBCRORMPI8aCvGI
UnsteadyFraction8410,Sk1WMF6Q0TFzP5T66D
HeftyStallion62,Cr8LSR
DutifulSaw67,8wYrEauJ1
EverlastingGrandparent,NxdWva
HonoredPhilosopher841,DmQdtpoE6J
VillainousContact6,iaMxruQwJ94MRHXBhjW
CarelessSurplus419,bh1eX5s6zq
RuddyBox538,v7CnZtiMAvpV3xyjfQ
UnderstatedWool583,mcxG6DB
MaleHiring1,Pw6Ghtd5
DishonestPoor3,lc4ZdqcXJWnwaANe9Nc
ArtisticChampion1672,vK4GFqjXemqw6Od
GrizzledRepayment7,wGAxBs8pQxt
DualCivilization16,3u9Hugu0IDJq
JoyousSpokesman109,8TuEgYC51Y
UnripeE-Book,3A17TdFS2
LastingBrown158,eiNCVcyW7Uxfr4SE
FilthySoftening5,Yz8pEA36
StaidSilence440,R6vE6K51w2KP
Extra-SmallFir232,s87TO9fP
BadSturgeon,ClWW3X8Qxadsl
UnsteadyExcursion,iKEriSjgnCw
ReliableAccusation78,TnYTdWr
HonorablePavilion192,rpgufgCq
HoarseGenetics0453,pJmTIExO5vL4KA3
PhonyParka8556,TedEQKvNIT
TrimEspadrille,lMNGOWl2Dkpf
PaleEngineering70,KStb23B
ImmaterialTherapist,lRv5qqMN
DemandingChild2370,dHoU9z
MutedCore,MCYHsHX83niIu3J
AvariciousCadet7328,LGpC1SvKMcqNIlBj
RowdyDaylight1,81w5Ix9vlYCza3UwMp2m
TangibleNiche,021k1Taiz0VPx4FXliIc
HeavyMustard1287,a0FTE5iz2cO5PBA
FixedMid-Course353,xacQEPU52E99GLOs
HotDill3321,lTWUXkiYbQQLSDuPWoHY
PowerlessStructure26,GRIwpl3iOQ5tqV
LuminousIdentity84,uN17BktzHP2qWjhnUp
ImmaculateReflection4,y8fU0mmyZu
DelayedConcept1,Se3pzbinrQJJ0GFlQq
StridentLegume1,W3EGeqNh
SmoothClimb36,yA5YWCcZX
ImpressiveUse0,jJWpVFJmElCZq3
RemarkableSleepiness970,cOpMFU384E6
BleakBacon71,PdvOMSRQ9BiZ
PunyEpic0,SwgYCa4WXWxbDa
GlisteningThermometer01,lTnAfXNzvp
TemptingQuince23,hQVe4XiVGDT14P1tP8W
AgileInfo81,6kiaBF
QuarrelsomeCollege,dpsL1VExWHrVW
Wide-EyedBanana851,yS4zDmmyfqgrz
PartialNovel8779,Z3nC0Jk2dyXDp
EnchantingKnight27,375Kye1wQKxq
WorseClogs035,dqkBbP2Gw054d8
TautCommittee123,LsCO07y5GLmPmhDTY
DirectSafety666,Imez1Bho6
MonumentalEmbellishment525,38YAjoBipzXdA
ConcernedSushi4501,BOCrNEKG6bM241k
AnxiousSubsidiary,O9BNz26xQ
SturdySize9723,oeLNdyEEaBj
FamiliarGarlic9,yGxYAMeQLoU2Bbb1qSf
RemoteMoonlight,a3vj3dZAx8Y0qp
FrugalJewellery,98NyoBPC8F4kiTD4
HarmlessMillennium316,flsrRyKkDS0N
ActualEllipse9790,6IJLEpfpHOWOjWO8d8
BabyishFantasy9,dPQc2QjDoRVb
AntiqueShine02,ayLXxGIUfgUQPHUsTSB
UprightAttainment,Eyp1z8xbgA
DiligentGladiolus7241,bYFU4JAqunFHuSWT7JDd
CooperativeBloodflow,JmQjafZ6
TubbyWilderness219,WTMiLEuWBL1s
GloriousPlayroom,zkDJ6V
AmbitiousCorporatism571,DELf6Q
KnowingCobweb,oxk0xBWDrP
StingyRoll29,HgmFl84QlUKk93BC
NoxiousBusinessman055,grdF79JLlD
CrookedFear416,XWY8VkvNkTy9M5
ClumsyLunch01,FBal0XMzDPQ
OpulentAgony2114,u74pXE3YGZErjIel
UnhealthyConsumer448,xWMIGvgRYizAKGi
PracticalRecord951,JzlLcRRawI3
ImprobableBonsai019,sV2JjcNrBXR7vSwU3sVT
SoulfulReservoir9418,v03jx6rsxtELDJYEC9bB
HollowDragon,DXYjoQ
FreeJute4341,cTGiRDGJs
GloriousAirfare8641,UqQxASEzXn8XpGcIU6
PitifulDisposal0,HtHsn9CSIzpc
FrugalMarimba0,zuEf9Qe3beYFJDGARGYS
CircularOctopus89,s5j6yaCQ260h5EQF6
WickedDonor6973,8ZFIr9OkAJFOV
OverdueRetrospectivity596,nTRje1dlGMcNGKRp
HeavenlyTragedy9,AgTTiGAvn4SLIN
FuzzyChaplain4,7lL5C7RjNocWD
AromaticPrevention9146,avJRyjnZT
BlackCatch,aNcHlHX9fxZCm8vqww
PepperyAcupuncture2,scXaSlT1lOVQiEW58
InsignificantDictionary5,04m3L4o2ePPOZOOeoCU
SoftPickle,SHMwmfFBTLAgTe89X
TroubledCohesion136,atjy6EaL2gbMcjkG
UnfoldedFreezing53,HgoIjlvK
RegularCourtroom,1QXJhR
EquatorialComment5284,REFe8wmOY
WorstSource6,42lx35tdyWtq
FrighteningHumanity988,mNX4ujLhwA
FittingReliability9,p8o2nGAdtobROm
RepulsiveTugboat3890,ei1zAHtUi0k3jST2btDK
DarlingExpert4,AjPPIae3mprVe
HospitableBoyfriend79,FCiXtdbZRi3yoGr
BareLatitude47,4C0gT7m
StrictTech202,dM1Gwqf6J5MofyC
FlusteredHake,wvwCbpRWlVg
FluffyBrink228,Q6Yd3ggLTlnQ
CriticalHarbour,bUIqU7UnH
WorldlySoundness07,UINpJnB9
LivelyPhotograph3,5B4269
AttractiveGuitarist48,JoIjD5zZVvdiP96jE
WillingSkylight,qaXIJSEu
HappyScaffold29,sZP3KavKqDH5
FlusteredKidney4229,e5SCxgnq5DlKH8Cul
Clear-CutRepository,4zMRMEyoArWtf
UnwittingPersonnel2,9PzIH3lEvaW3qv
UnconsciousGreatness4075,OT6dFSoVRPWG2b
OffensiveNylon3,1P55mRXIsPHLYG
StripedLeather41,XwZhIA4hUixOqJOPWGsU
IncompleteTortellini256,snaIkkBsrL1mtZ0
GloomyCompetence4,kev7pEyKxWD0InR
IgnorantMeteor303,Q3cQFGpYXro7Rq
InsistentJewelry7882,UKRrc6k1sFTBGZQkJFGu
FlawlessKneejerk393,sQyDIL93
PleasingPresentation2,Nz2HQc51EjK2bvmsL
CrispPromenade,4RixqBgRKAuyIDZ2u
SpitefulCooking4,rRQCIClTI37v
AcclaimedInteraction1416,tcV4Ia7LzeXf
ClutteredBrake65,fynbaT5FW2At
DrabAdvance35,KiXPHmoHKhf8hZLak
FriendlyPtarmigan6642,zKo0Fh9XK5DyinRpUy
DismalUkulele6,diHaEqyx5aDL25DXW
SunnyKettledrum737,YyaoBaZj77ycu
EthicalConfidence078,1ELtMsNlbN
UsedAlpaca4501,cyqilk2H
Self-ReliantContrail467,abdGLXgD9dX0TBxdOkKh
ConstantComradeship806,ssCQE9SKV58p
CavernousTrailer7,84MkU48w
AmpleStot803,rULVYELeO
GleamingChampionship1444,brVnvts1
BuzzingParsley992,kwFTcP
EagerPollution013,WNr1LBfaIxG4
NoteworthyWeedkiller,VLULysxVJalGT2H
FrayedDrawing8329,IdlteWI1R9shxaZ0ygdO
UncommonConspirator75,AqJ7tFM1tzE6uk
ExcitablePayment298,oDYa0e5Opyi45xAGlehz
LongStack057,wDKTKvj1psKHBtoI
DirtyFlan9,ZLAJtQyB
KeenDegradation054,l0chthH9I0e
PleasingSubtitle,O3F9CpwFNBc8ubraW
WindyFederation81,dIaZZTYcxrh3W
WideClamp6433,HVayvfSge35yhBn
AttentiveTissue0523,VCERPEKsFGHUsZE5aqT
PrudentSorrow4,XxMnyfOcMY5k
CrazyWorld5,EKiFQmOdTvhq
FoolhardyGrassland62,YoGEXwKSBpEly6eJ8C8g
DownrightEmerald,LuQq7u2r5uodgPozYb
Ill-FatedProgress089,V2qBxpcFaJ22DiQ2kO
DutifulDriving829,zRYTqIEdQksprHR
AlienatedSkill4859,IinJ7z6eenWZ5
ImpeccableShoestring35,250eCuVq1b
WeightyTrousers,Dmf4OD
OfficialIncidence61,G2OPzuLTRAXHP
WhimsicalFork,c42alnrwvxRNvYz
AcclaimedAnniversary66,pBV8IJrng2wJdX5
NormalSubsidy1,KNCVegbNoePUiC3YU
VigorousShofar7670,HkomtQyEH01lC9
DelayedMarch858,gsRDOYF
UnconsciousIdeal2,vfzI8vctuXww
IntrepidPeople,FPcj2RoFt6
LazySpinach4,QQ3pGsmOEH5i
PreciousMarket2892,LZR6jQU
StupendousMutt5705,4B4VxWoT
ImpressionableShallot1,bXf9xoMZ4Gt7YiO5
RichHeir191,u9w5yGlK2OU
TerribleEmploy606,vHPwHMA4N22hTLvLX
HorribleWestern10,KLxUjQFOn
RowdyProtocol007,m5khQg5
BountifulSettlement934,YTGVVyG
PrivateEfficacy8805,I1bMT9d3YHiF4JwgEdFf
MountainousJudo0,9RV8oGMtqm4
NarrowHandmaiden26,33kyUVeFtK
BadCounselor08,w0RpMZ4jH3r
PeriodicAlley1208,sv1RtJ7GzhIsQVg
ReadyLength305,ZxxMEN
LimitedDiesel,BV7XeAg
QuickT-Shirt6,8Rh3EZsGhTRpR
InsidiousMessenger91,KO8BggBgIPzKozcx3
HumiliatingSongbird0631,VKrrMor8pT08F
DutifulPossible365,XrVWtqxbwb5GBmtIAIrU
CourageousNestmate66,3WiUtBVcy
NaturalImpairment0,UqF6of3eA6eV
MistyDonkey7926,goJ97KPWAdb3Ejl4oHFX
SarcasticVolume,I3HMlVTK8s52SVGGwC
EvergreenArtifact1424,ymBtLEBm9Z
FocusedAlcove0,OXcaF7Iv8UuTmc
RashAuthor5,RULiVn7bXb6M6411d
ExcitingBlood2,9VI9J9Nhz6Ac9jjKCr
CanineRaft26,L6qkvKtylcZMv
QuaintGel9103,BsfxvyTg8JXu38fe93S
ExtrovertedSailing7,XVaznsmIB
FrugalCement58,oBd3aRe3FV6faSt1Xg
MonumentalAbsence45,bSsrI21GqgaJqB
CurlyAlgorithm9,j6xe6tr9k79
RuddyPractice,AZtrxkQJpH4xDODrg
SolidProhibition776,IL9VGlXyyN5KpORo
CircularOrchid3,peXnCnMSQPGJgNB
NimbleChip96,DUzv7aLPmSyQJ
KnownChimpanzee3,MQSzPzzp31X
NauticalExtinction2559,CKhuODE5g6
PracticalSpouse,evKJsWgjZIiix
NotableArcade9,2xHhIoQLb3w2
GreedyMiter7,i8emGGamunWLgMUota
MiserlyYurt91,l8PFOTm6
LuminousMusic-Box1,HNCmsEZudHuuS
CookedInsomnia,7s9BtpYLA
HappyGit02,uxPkzGI
SeparateContrail4,PuRlEVdxwynTqWhh3m
CoolPhase8586,59ZAnNeVe2cPyabmJP
ShimmeringPay76,8DXQPpcq5nKM8zSn4o
SpottedMusic-Box,mtwZ2Qod2UWYFJ08yP
BouncyClosure0,IPhBKiVw
TornLibido,XeeSpKJgmAa8UB5
AgileMarathon9,etL7EHKPV4zRc
SoftLining6,A2WfDxoXOA3UMgQrXg
VirtuousSlang05,v3rJZfzK6Gj477i
IntelligentParticipant853,PDn0h2hncT4uA2Q
BlissfulMining6292,7mg3AskqIk
KeenNetworking,UXWGYicW2OoeFQsD4
ImpoliteDevil412,a0A2ziJmO4mbJVqY3
OverlookedOpportunist2,gyL9jPaxDjKK
QuintessentialAbnormality58,hVkz5pt8yNg
PrestigiousDresser239,JSXYwfYnYt9
ConsiderateLobby,TgFhvlEDNyAet
DeafeningExample08,rfIw1EfPjrhROvytQ59Z
SophisticatedShot3402,vTl3o6R0tJH2zrhASLD
ProductiveSuicide194,8IKEO15
VapidSpice957,sATxrzdRstLT
QuirkyJob2617,E55F2YyXMpQ0UYaBMbhA
AcademicWing8,qo8bwJIg0oPR
BewitchedCheddar,LGYOc6peuFW8uW
BeautifulImprisonment755,y5uLoV
KlutzySample5,E6mEPAYRslr7fg2maJE
DeliriousFact4,zou8wVj4nkMk8T
WavyScrewdriver3270,ZS7y6d
SoupyRuckus,pC7kDiB
AntiqueWoodshed41,NMbcTZEssZvfuuTE
UniformInstruction2078,AIExQn4o
EvilCommonsense6926,mLkn5j3aZwB
OddLock,2rYGU9uzQZi4gVNfSN
NiceImmigration,t9njKU5
SturdyCuriosity5,32ojDkeEPq5InXljW
SameWhip,PrkFrSMUoj7O
IllCaterpillar,n9mXZFoftc2oQRRLVnoN
GruesomeNormal9993,OsRftzb1osMrPL
PuzzledMast4,hNPu5W1JZ8
DirectEndothelium1,lZyOTIPY003JwmabE
SingleSleeping30,c4x9rk6jJfdHszr8Qz
TragicGranola,sVplPu
InternationalPotential,laqCg6yi
ReliableIncentive296,SACJQv3j30Mu
NippyPansy6825,jntnrr1jFvn1JItPZRi
JoyfulMile922,bNJMEByW5m8Z
TragicMussel,aBBYYf
CommonSequence6,eVAPYAR
SmugAgreement40,p5Lin6X
MediumMacrame088,kCbK4V9T2PGXCn09K
QuirkyHit56,WS8ZNHXy6WpnxTj
MeanMassage3168,qsiVh0B
UnhealthyKnickers111,VuvQgPo
OvalGrin0,bGJkZOce1
TinyUnique87,ZKLahUJYJaJA75FJv
JealousPeach9096,QJNspLl6FpghMI
PrettyPencil,walcQa9
SlimyFootwear,K3hDwc0U
ScentedCowbell028,L0RvRJlea
SlightHill,ViOB45gttnNm1uIz
UnwelcomeWeedkiller,spx4PJKsgmnBfQj
LovelySidewalk,sxXaRSZHG5
GloriousFarm032,94vuJhu2N
LoyalAnything8512,GY2uzX3OuwX4E
WindyDepth1095,1ALniltESI7XYu
RustyTherapy3,ora1YscmWnjl2evMF3S
DesertedFarrow,I4TJ2qbhycSkeOPm
LiquidSlang,PUwzTfGUuEPD2Qt09ssw
OutrageousMacaroni559,Jbp4IRn5i
WorstBorder1462,W1v7HQq4
SympatheticDrawer,pdQTOQxGK
ClutteredVanilla04,FiDDCpk1tbI0e3WgO
WiryVaulting202,BkP3PllYRxqsoMbbceas
LegitimatePole2272,V2RWAoqRq3M2EFB8
MildWad2,qcFtppJX1RAGt8
CrazyGuava08,PSzz2kStIjy
ShimmeringAgency,UP9r9OTf
DearConstraint0,kncvwsNdo7pC
MassiveMean732,IBdbniPjGfSk
RespectfulLending687,0d666Ixbf
UnfoldedBlinker5854,VGXU9toSRcJNf4uIuqi
BronzeArea9746,IXhHtU
DotingImpediment91,Odg9eKgH3
ChiefStandardisation,5t3nwKKnlyzTjfa7Tgc
TrustingDeveloping560,UWjnBU
DifficultPatrimony6235,14WrMsxIU25gqJZKIqD6
FrightenedAttribute7716,eYJcVqb
NarrowRemains3857,6OMgmdptL8
GlumBird52,B86RX5cxG26BDSDzODnD
StrongSenator,rthOrCnONZ8XD8dcGpu
TruthfulAnteater,jCeTOpjQJ3420d
PeskyLead3,867hW1prUQbaLs
WearyPicture482,rF9721U
CautiousBricklaying90,UppAIUkB
MildIndustrialization3760,hca7pWTJ
MundanePencil6876,e68yiDEx
FuzzyElbow47,Y6DfsC
BareOats4,MxJGIC
Big-HeartedInteger,0666lZiGp6AhYh
SpryHeadphones7916,Slx4H0
WryStatue35,iPrrueraPR
ImperfectEndoderm42,d7wsXy49ulhm
DisguisedButane88,WNTZijyGWRbLpPpZ
AuthorizedDining0535,DUrC93LZR
FoolishGaloshes321,oioOpUJXmIpbFYeB554I
WarmheartedWool766,unUOh4zSYrQK
OrnateSkullduggery4,ust7pyK9OeDn3XP
MixedMalice9,9rzvTrk1Q0kXQi5
HealthyTradition5,mBtIBSM5k8zYVnE6K
MeekPolyester363,bZvuc5F8Fshq3T
UnwrittenSmoking642,uFfdlHBhAD9ojM
TatteredWaveform469,vOj1OGFP9b9sZE
WideController3230,2l634sjzwv5
AdmirableResidue,pcCNWTxb5fiJO0XS2jVA
JadedSound,hXAbidOLpG8nUyKphdC
ReliableHealth0,JpLoE4HCrnucuk
EnviousFrequency,jyX0Pmv5AZTm
FlawedAutomaton77,mn8HB8nMGLiu
NoisyName543,uMsTYG3YqhYbZh4kb2q
ShimmeringMystery088,0lXOiiX531VYJ220
PrudentEverything,0gCR4Z58Z9dvaTjw
SunnyDefense,UGtC2EbHkFPuIaYfANw
FocusedLanai1560,bi0yc0
HardRandomization4293,WqMxClyrJemN5E0nC
FortunateObedience95,ctKdNabyPiqYnb4
JaggedExit76,m1eInHEz1Sp
KnobbyCountry0,PYLyqFyuBBaOMDAnV
KosherFreighter7,KhGtlym8KjpK
FrillyVenison,dM28dWi
FarawayClaw0,RGbAi43WGkgtV6VKEs
SolidOfficer0130,PrzMWcVY4G
WastefulAnnouncement8881,5JSE9dnHq8HML9t
FrizzyCloves0,8PAo603CKuFY
WarmheartedArtificer,XQfz8z2b
FlawlessRetrospect456,vqRb9eAwr6lfdI0
LoudOccasion3,ci627u067
HonoredLad082,Kvat1IvfZRZ
HeftyGrandson,tu2Cx0C9b1mEv
BrilliantMarimba984,9NEO6kGftGt5oux1QFrS
FullTeepee0,1DG20EtaIU4QmZ
OriginalRock,Lp7OFzeHx2YD
FabulousPrinciple972,YJtuEuZ5
AfraidDoc80,oMvKfylmImVIS49ku
DismalSalsa1,eN7xyQ8fdk
TenseBachelor22,6M14g05a
WatchfulSibling590,U5h033yjOuojcwXPi
GargantuanWorkbench83,1vZsk5zH2hyfhelPfRV
Clear-CutDepot04,uehZ2XK
ScornfulSenate,YuoagUA4w
SubduedBead952,2qOadzi3
GrotesqueComma87,MF4AEc7cO9ocl202
AntiqueGeranium76,IV4E62
SuperficialPumpkin34,ACeNsehqTXkdTZ
NuttyCloakroom1,ZpPhf8wY2rsB38
LovableFigurine66,HjYcW1gtf4GBeB8hEsZ
FlatCrate,rNAqkqrKnlMp6DY
ValidMouser6,7zu9xKh
UsableBachelor1130,vCpmdXWRdCZntqNf
UtterPlasterboard0080,mtVixhB8miPo2H
OptimalImitation9,GBJtC1oj0np4XbcHDrS
FirsthandBricklaying7,Ds2Cdln189gc
EnergeticEarmuffs5602,Du2T9anMXMioXAdhip
ThoroughDepth2299,ayHrEhZNcjE0q
CompetentDeposit4570,e4uG8ZNyr
PristineQuart,DiWu89jvZ56jr4d
EvergreenDusk,KYeDDLRx7OlhScq
DeadLocker172,STkTemzM
GranularSituation3,nDSCwS5eVhpVlriyA1K
FreeLayer5964,PGTWo6uEdJCocSod1pK
FickleMode2789,eZDLcv4ZsYKKIHmK86RS
AccurateEarring53,RKB6pS6
LimpEmerald282,6OvBx4
ShinyPlantation017,LFjSXZ
WelcomeDancer472,kNGnJEKLQILby3ZjP
SpeedyInterject220,MGHRqCibo3kCtf2cx0KP
PushyBuggy7302,kJ4KHorhokMvKOb
HauntingForest466,Pz3D3U6LaBJX
MotherlyRap9775,vWbRzs5Kpzfax7nfrv
HealthyPoster3132,GhUDiLNJkbFC5MEZ8
NeighboringNetworking,JHJWreti3rZywKFC
LavishGuinea36,NMrfBCYwRxFOzlp7n
TrainedPortfolio2,gLStZ2T
MotionlessFootstool06,VVrg7nGWDsNzYcWj
LustrousSuburb28,C6I56JV
FailingRock18,YkWpG1Ug
MeatyRowboat7261,lc7gac1
SuburbanDocumentary3395,eKa0xbrUt3a
PossibleBustle53,49OOpBt2pIftSFIIvX
BaggyTurnip25,txAGM0w
ParchedConspiracy4573,hpes8bBWKLs
BlondSoccer53,AooQx1BBGPKqUY31GIj
WealthyZinc92,6jXbnTKZfXTx
WiryTranscript,m4XFE9efBBIbr
HalfCaliber2,A0KIN6
MildQuotation,neYCV4i2xYV0nAx
NuttyForelimb,5HZRErvP6J
FlatCompetitor,5zYMXWnUOmNW
PunctualBelly46,4SvrXDEiK
UnhappyPusher186,mXW5z5
MealyGuide956,XTXg03hBZObt45YQ3q
AmpleFavorite114,f6OGFI
DirectCutlet92,RlPsGs4
EthicalHormone735,dQTs7Tw3GT4S
PlasticIn-Joke6974,C5B9IKu7YaXw
RichTurret28,TtF1OgxL3AQxzQ5NM
WildIntellect,9C1vQFOy
AcrobaticPajamas49,0wim5DcLe8lkgvLfEF
UnfortunateEmbossing646,GxFKSF6JjVYAxGqVNc
ElasticAttic433,vYxhkIeB8nl0CH4kvzzr
SmoggyGumshoe8152,pbpUf0P
AuthenticSomething048,FALBinC9UriHn
CurvyFireplace42,g5cgwacjVYuU6Q
LightFelony6582,Xelglw1MEDmcDR
YummyHeterosexual3,fWimNem
LazyEngineering8046,Xyr2f4EPTSYC1kpg1A
ShockedAbnormality6,ZeEVntwfAzL
SlushyEctodermal3,AU2jLqomOhm3Uf
CleverCottage979,kInDzdplHP6K3HBYt31
BackIntelligence57,vVvdXpXUDZaxO
ApprehensiveStamen68,V2cOgtY4cYRrJjskWX
DrabGig3,0L4Iii
WindyNougat9790,BPR0AAXHEqT73y4
DeepCase,ImG3D3Bt9uyliqi
RarePatio5,2U59zG37KakWXrqZJN
MajesticPlate4793,4Vgam2mbYa
UnwieldyGuilder,xQuJJUhI
RaggedJournal2518,JhqlqCwejyjouZeo
FineTaro,TXCJ8Y0GpLg4
SpiritedGuilder86,0K35oUNtHbv3MVFKqQ2
SoggyRice0679,VsB355d9AeJU8vmyci5
AltruisticWok,yy4IhE2t7aUVRJpwlj
DetailedRecommendation407,vvJkXVxhm
Well-WornSouth92,942d3hV33N9v
HurtfulChard,eyaBd58QYz2Vi
TroubledProvision4309,MY1AKRq
EagerLetter4548,5IeAh8sFjges3HpWBo
TrimBatting13,VdeP954NSud
SpicyControl5708,4MVXrSViV8URa
GrossBag626,s9YKe7973OW
GullibleVitamin2,GgOj78tKpDzKdPcp
AdolescentPennant04,67OjTvCYYbOQ8s
NotedDiscount9592,CWzpQszTDUH1
FrillyCaution868,yWKm4FqQg7Ox
EmbarrassedAbdomen82,awzaF18VBq
GlumMeaning,BJ7xoBKt1BBi3CnISi
EmbellishedFactory,E7w2Gd2
SvelteConfidence,1nIAmzQ6DxWbV2su
ThunderousRefuse6740,e40To0AXcTCsdwP61Kt
StandardFriend323,kyYQGXfM
RectangularButterfly0930,1DHaXjB
DeafeningAluminium592,GGsnh1Mm9xhm6ws4t
BraveGel4,7Dk8rC7R
MessyType2,smQiHGErlEpjS9R
AmazingRobin,pwK6LIszD9tiR
InexperiencedPlanula,nVV4RT
RoastedLentil018,jvUn5Cm33On9C
NoteworthyMan5,8m4Pu6kTcSbBYX
ShortAffidavit1988,iCx3kYAe
DeliriousIntroduction040,krbLU5JnsNOa8x
PrimaryBell311,uXsZP2
NeighboringSignificance1,4Y7t1apWq0KW03GS
TrivialInstrument3207,te629EbZXA6
Bite-SizedRoundabout7,EKTjX3sO63sxREg
StudiousSaviour,lNvHJVYfxdF3rcj
OblongCutlet94,qvsQoxwijsSfNq0CVqB
YellowHurry6119,uM1ETfEiPcXhrx8b6
TruthfulConvert,IUpu4zYYkpjAE3EpcZ
RigidBiplane08,kjFZvfKjqVqXUD
UnacceptableCoordinator,n2Jzye858KOTpaCVLqg2
ExcitedVessel341,akTSpjhlO
ShoddyGreen29,7a0YPvBZW98Yc9DV
SickExtent1,hCqoMVpi
EnviousSimplicity9209,7VAsQWxpngiJTJLDVJ
OverjoyedSpokeswoman2,J1a6s8
RemotePeople18,qbf0TNOpw
AnchoredEquity13,J1G0s8ZtqVFOttMNK
ThoseClimb5,wskGVJ
DenseExistence6384,2F80xsszb88fbx9Ov
PerkyCanoe484,Rkk21OPiOnYXeuCvZd
FrugalTransportation7,XzPoMKK20Dw0cCKpMRsh
AwesomeNoodle64,PXGDDUZ7whx3HrTUTj
TameGood-Bye987,rYdzLbHehwXV8kJ1gI
CostlyScrambled7184,SH82oQ
SameOff-Ramp,KlWd2AL
AppropriateRiverbed8826,c9opXdaAyxV3u
ThankfulInterloper67,Pun9EFu
TrimTypewriter5527,XiAtKzrqB8
GrossDocumentary8,0LC7HIXri
PitifulTransmission6,OD7AuVHuf8
BlondFertilizer,UkgtJu9Lhk
UniformDividend47,Vjlu6PvbjlOTX
HandsomePhone23,ZzqYmXsB9qRT2yNCPno
CheerfulHotdog37,nfhuCptEXwz
DeliciousLocker799,Zq41mPf
FatMechanism42,0BFMO4cjZyvvGD
IdealInspection,V6wWyAxHB3adcM8QzUbJ
TinyReset5,IYFroeOgQWM
VillainousDisk,rSFVbO8ry7YWP8ZzvH
GloomyServitude8,IcVFu0qbp7SnF4d
ExcitingMonocle176,l9rDZPHIkOMu9nssDkJw
ElaborateRun07,tKBdxunwJbhO80G
PrudentPattern887,WyjT0mrN
PleasingTornado581,UeQBAu6IKt
OblongKitsch,jXhLdJc6IUCSh965g
RipeOttoman3293,KTsbWBh9ffhSfMshb
GargantuanHonor,hkWoMYQTaE9YGvw5
GrowingAntler709,KZCXWvEW
IncredibleFisting,NgPy6rK0xG
SaneSummer3,1kWQwqX
EmbarrassedMuseum9620,MVRhQMHHz9D5
AllCarnival,6MqbDDaok
UnkemptCod090,aJAOQZZS
HummingPupil6,fEksOiQcm
CompleteInitialize4,f8J9myWZt3QpQ2
FunctionalGrandson,LYr7EEajTtPnoW6pOaIE
FragrantSmolt,R15inTBRyqhX5WR
DownrightDamage,jqIhQW5C
TiredInsolence418,JHPwCJrsedf
AgonizingBaobab2058,fWtnNnql6IQ2PRyT1
TragicProgenitor2,MUZ3CNXqknpEH
VastBangle4,vBzoYI
GrubbyBasket840,B0CVXPc4IpRZdy0iAn2
GrippingMeans3,8XysAcxPD
AwkwardLatency5,lt2enyJUW
DazzlingPetition4345,tILT9MfNmmUGGA
PrizeBomb,Q0UC2jKR99jX9Ws
WeepyRemnant60,RfmRwppWqFPk
UnrealisticCase,aW0Xi4nLB8D
ComfortableAirport8759,AH8uK4R5frfh
ThoseBagel4355,kLe587s5eTtTZjY8Je5F
RapidBuy5054,CAskFNtAraEV
ShabbySinger186,GTIvRl
CompetentWiseguy8447,vVI4YiUI1z
HollowBlowgun9,LPcdHwT30fL2iKU51R
SadLicensing85,JipNHlh18QWv1
DownrightBasin,jXOgyivlKc
YummyPun744,lVz3OnwpZcALewgCa
IdleCongo3,b65TirjR
HastyAutomaton8578,IMW7HVi
TameRediscovery938,2FRsZvsSpdXyvogw1sv
IllustriousPruner64,53PsN29dLxo
MistyExplorer62,9biVNAl1dXiIWW
WrongSuspenders4148,WcPRLEl6c0uRsF0
PuzzlingMidden53,zs4bSWTFtCKIhDE6RZv5
FullResponsibility905,1Cip3kDfieXHgJYp
TestyCartoon,M6wHN3QAXM
PlainVessel4367,5oxCyTETMcnEz
FrailBandwidth5,2rDjH33Vv
WarmSheath91,3sJbySkB4tVp6TTJ
SnoopyGelatin2,JOH9HAXTJQ
BitterLung243,i8aBtarHG
ImperfectTurn8359,QEu2W54SUEJ3pw
WeepyPaper5068,TnLRNsusU
FrequentBachelor42,1srl5op
AromaticSignal482,GBZ0hXowcTFq
RepulsiveLadle1493,sQuUTBhfPQDEMJRfy
SinfulCodon6659,OC6MqjX2KNnsHMM4K
PrestigiousShopper95,u5EW3b
UnwieldyJewelry4100,Z7VGyB
WiltedFlu1004,vqpxY1ySDmJpSqSSm2j
RegularSoot6,TyHpi08qa
RealTravel4851,Q2NKSe8QjTfGbeC
UnequaledUtensil19,J8VFOb
EminentExit74,fR3sqyVgkNY5TYzxhfZ
ExcellentMantel912,NrLmm8APDtkqIBmv
SympatheticAlliance415,E6p8OInJ1oy
OutlyingBagpipe,vFjPtGzwLS12CLt44
WatchfulSpouse8,0qwzPaQIwQSs
RoastedStir-Fry57,Zqf5jEZV5tqaUte
FrostyReturn,Dg70eEn5Izh7Lkkgyrul
AwesomeClasp3,EAkL7anVK
WingedChicory1893,zplZC60Ph
StrictPortrait23,KrAEcxFN0pXefU2
MadPotato3,q6YKcYs
HeavenlySole032,HzdAvRv
UncommonCapon,sOveRfqYZ84SzXNxi
ConfusedStool3,ytGwYf3dt
OblongCurd,NWYgg2SeRuduRhbsoyk
AdolescentTyphoon4795,nFMPSAC3JBmzIac3
PracticalDerby3923,FIZlY3XESzzW3QWo
SolidSteak31,JTPwQZtnFdiBvYD6h5e
ImportantDaughter,YzuhR74cKyLHZ6
MustyMussel031,ln4TcyZO
QuerulousMiracle7,uyYIALGZofV5n4S
VeneratedManiac,BetWHvurp39f3T55zNX6
HardManagement8027,tUgVywVhCGFBiEm
DarlingSkirt76,qLkbDD25cyzlCdIZYUEI
PiercingSaucer952,mvpVfdrcTLkoBg
KosherEducation8,rwGkmD
ShamefulInjunction4,egHz8Dr040PMp
WillingIrony88,r3RszYtf
SilentPlenty49,pmRns5Izhh9K
EqualHesitation,UMxGXc
HauntingPseudoscience3,Wgu45ZeSDilrkhwigh
RudeFlugelhorn33,yFtdJ86
IndelibleTerrorist3,Mz3vfNLseR2L
ClumsySculpture06,mnVxh2N
WigglyRaisin846,2r1bwbtS1IWGPr
LikelyWeird6,vaBPjQCP3LrbUEnk
TatteredPouch82,IckkMqkI
OccasionalLocket,qgYsJqrdJBpKOeJ2n
ReflectingHassock8605,EkgH4NSP
ExtraneousCrumb8933,JcAGxtL2nETQvK2Hlxck
JudiciousBackburn492,qPcKeZ6Tn7T
NocturnalPeak,TsVBB2F6
QualifiedCloud,wZruaSm
VeneratedVintner653,299UEkusP
FixedKick-Off1877,AKnIrDKcjB8Fu
DiscreteMandolin3,7RmXQPk7TwRpe8
InferiorLeprosy1313,fHcdjdrqJOVWwndF
AttachedKazoo281,0CFzQorjexUDTKP
PleasedLust,HzGYEZdDbmltdinwg
PowerlessCatcher1,Pl2JFBf40T
Ill-FatedReplication427,pb9ESmlWs
Sure-FootedWok872,nGMPeyCCcTj0lkjLwW6
FarawayMean,6WlsiRcVM9oL2yFPf
SmartGale,IPpP0gbECaEq4U
FirstSentencing0330,AsduNaU7bXZwT5T
TrimAnger1676,WJC8iefvEA6YLJf
HappyHip68,hOkFCXwICwcOThUXy
TriflingHearth817,DYpxJ1Egw
FruitfulMidwife,FConjRB
AngryFanny-Pack629,T0UlWjW2
RepulsiveMaelstrom579,Zx55Mi0NWFC
AmusingCertification7843,uXi1wKa
FilthyPoverty9965,Ui2lJyzldDALzlG4Wh6e
HardHarmonize897,cOwi0758AJirpDA
IcyWorth7324,UvC4914koHl1i67rYi
PointedCutting5,D8j8o5ngMfCXncmyaQ
IdealOutcome60,dmZSZxdTmlOdgtBD
HungryMusic5,rAEm9Rb54
MonstrousInterloper7203,vpo5UWvexVEG
AcidicMid-Course378,MMowEIsb5
WhisperedOpinion8512,pcq4wAHfZ
AdoredSlavery532,Hz7bvJt
KnownObstacle1,aMniVSs
FairHomeland49,YJNN84IXElubgnof
LopsidedConfusion537,VdVmISP
GlaringReject,2sUiJ88l571SzAhMQ
FlimsyBottling9,mFjg0q
ObviousBand67,wxg6deGyl1foOH
RealisticResemblance5,k2Pzfwy7QGPtJ
PassionateMeat,PYjtPLwmbn3n
HollowCatch66,QNyKjnM
LooseAnalogue1,m9vebimJXYniPl8cShQI
BigLip25,RBQbTuO7kP7aTzsb
SingleKettle6327,w072rhOqESn
CandidDependency,LqGTvFUMqR3
ScalySilkworm,GRTFAFqO7CS1jBvIk95
SnappyVampire,a2JqEdu3qahkBHcl8s1
JauntyFaculty3634,Q9mQQnNsWiwuglt2
UncomfortableStonework331,qKFwAEx
RipeZone63,GpUTSK
LovingDozen51,Rw5MACXghm6wq
ForsakenCash1,EBT7KM
High-LevelBud347,w3v8EsTVdn7
PitifulShortage04,fq74G5yC
NeglectedNourishment,ku3IPcrQm4
DryVictim09,709lyFqZvYmB5
Far-FlungGrain81,frsYlubUg
NeighboringBlackberry5261,WJ4v3xLpLs4VJbsb
WingedGamma-Ray28,6L5oaRomC4jZRAfyD
OnlyScripture5934,vxkNgNKYni
DefensiveNotion556,zjUrSGQtw4icAD
MindlessSolution,bzH8p0i59tyjb5rCSm1
AffectionateGlance,QGLzIn409Io25
QuarrelsomeSquare766,OEGW90fd6EhBW3JYOq
AwfulCreature2668,MG81KV
ComposedTrustee695,YnjOzx81dIjBHYK4
WillingEggnog,wJgl666Zx41xTIYZQ
StickyPenicillin200,qpjdrS9hBaCbySx4
WildDancer5,v8iu80KH66
SympatheticFuton9,TcBv5AMjdREH
SqueakyStonework4735,rdlu0tgHozLEwHtBf
NotedCranberry,xsooMIbkYYR
EmbarrassedBaker9209,EuWa8SzUBU1
WhichVitality9,8JJkLh2ZJYUDr
ThatWar4953,edmWaIELzRbt6p5STdo
HummingTutu0,zz5V0GzmxzhXxg7
Good-NaturedSolidity8,xRjEZFUVtfGYwGmU5
FormalLeveret461,Ov0A5oG
SturdyCable596,9N3nbXL18BWVN
PaltryMaple8,HvNmrgTpvLDJ7cfvbu
FairPhrase,NtcfX59zKQAFjw8vFKk
LightPlanula6326,ZtzmKg2
Big-HeartedFootnote5549,jcxR6w6E0BzSzLqMh
PrimeNormalization53,X8xQMOXPqik3GHpyuCT5
BriskTerminology72,OFrGRN2hgJOMJJIh
WhirlwindCereal81,oyzF8j9
OutrageousVolleyball,psk9gOY2aiu
ZigzagInversion,MWxJm5gm1oknnyuKm
LoyalSow6,vDwurcsSvWOp
Well-DocumentedChauvinist1,WKS7FAfimNKfuYsmllz7
PleasingEnactment,opFM8YtAkJPVIm23BLP6
AromaticWorship7149,iB2pld6Vk6iB0Aa00mj
OrangeOrnament55,99EZxuogR
CoolConclusion486,ZCAUS9gE11S12M600
MeaslyRacer,i94YSLOM5KXkrcwkhN2a
FamousLook991,W4P7JGHktsC
IdioticNurture81,AoBY2TGtAyzNQHk
AjarStatin125,gTaRtPZF9tEPvADl32
ExcitingObjective900,Hn0t0BWi8lePaXzXn8s
UntruePilot1619,ZT1pz9cmzd8kfm
GentleVenue985,plHIYFwTJyeFrIG
FondSomewhere9228,Wv5lFmm0Ta2TcTBy72V9
CarefulArchives34,TrrdgX1r0kG
SlushyDivorce2129,GB517kcPpGOo8evCN
ChiefGraphic,TI6rpyP96POn
UnsteadyPorter1,h4snkS
DependablePursuit435,UuCf3ooYfZhf
MiserlyWar9,oX17hTNpaS
InconsequentialStudio,N3NF2yVO0HK
MadTosser,e6z2cOn863SRid
PitifulPersonnel9120,F8D8QkgL15UXY9AA
WhichAsterisk2,h2q6ksFxjBmOaudqeXR
SarcasticGuinea5,N2aTMB
ImpoliteReliability5219,ulfbO27zg6fpxvl
ImpossibleKumquat17,iDL08iVYv
FrequentCrunch7,LhERObDIT
CostlyGreat-Grandmother,BxQTyMe2Z
SweetConcern59,0cDSerZJtZzVcaom
KnobbyRecipient,7nJ8uh10L
MixedCensus2,CS4sCaYYBSBM9I1Aqz
AppropriateLye5749,xgbqIJlI5GAFZmnK
HiddenClarity669,j3Q29AnkqIfHf0seKTkA
AuthorizedHigh-Rise7,H24sNkY8kDnU6UOIoW
IrritatingNumeracy93,Q2oasQ
PitifulPeek745,Thew4cLIShd
WorthlessMezzanine922,JeaNxU3YdQ3iEnZUue
GrossDesignation3630,33zJyOFZfVVTQ
SunnyShin202,XB1Kju
DapperObstacle44,v57vkHze
BadRandomisation0,Nn7YRgX8
NoisyPilaf319,pR4MiS9wD85
UncomfortableStepping-Stone60,gb9vj8BJytE
FelineTrain,IdtsC4lKD5sg
SuperiorTiger873,Dh5tb3MDWq7gnEyF5a
ObeseConfidentiality5865,8007Zpz0
OrganicHyphenation8834,aaRquv
BeneficialAdverb1788,zM91zJYDKnyny8ZXM
HandsomeStable62,tfOsHzq1X
JudiciousSailor871,atYqyva
WingedStock-In-Trade6448,QoRGrU9Y148vpI
FrenchTart2,4tKZCZ
InsecurePitcher98,GHaypXPKYAq7vQA
RareFreckle0599,j3o1PPcTY6IFqzv
ExemplaryDivalent7251,xPW08Zde9F3VNcE5QQ
PuzzlingDedication8,pgAPLxKrjF9Qha
RuralProperty,BB18SCAw
ComposedAccommodation44,zciReIr7iMGWfM
GlitteringGenocide417,gyqisaLQwcBixcJ
UnfitMankind3,kSc6GGZeM9h8CtTKr
NotableProgram70,016wJMkFsiz
QuerulousSandwich,1qwT73
HelplessRun38,OwnTkPabWQ6
QuarterlyPathology05,P8zlim2lp
KindlyTechnologist3,3lhxCIP
Extra-SmallPepper615,3xHXcyY
UltimateStress715,oUtdV6DbBrnc
Well-LitPlum2779,yUjRrQ8uftlR
WordyShed578,v4unOGjD
AustereOcean,Njt0KX0YqfkLM895R
UnlinedParticipation7417,afhOoIOVD0nxb
WittyYam13,sXmRaL9uxSBFN6fsG4
AntiqueNestmate554,mZ4PrusRE64u0r7YRJGK
ConstantTranslation1,wFctapiv6
FancyWeekend310,gSiTkP
SteepLiability,MCFcuH8ZVu2
AchingPocket18,5fsmezr7AhGIqyqKhu6f
FelineTimeout82,PhDZfUWoyt0VsYnvM0
OrdinaryAbdomen607,ks1hlkiQirL3krBt
SquareLaughter,Aa2tgJvfrYI1B
VagueComparison,KPdIMBydJejXN6JWIVv2
PreviousStench355,GJ7TXFQqNnDr
RemoteShack2,wWjizQOKwAxJxNzN
SmugDresser023,z9wkjljjZj5BlkDvUKYj
WebbedDew8493,eIDOWQ6sbyN
FondPlayer,mHoFMIPHjkuFSXctoF
DelayedPanic94,o4PNCjo0y6D2yy
SimilarIndustry69,YVNM8x0j0CLd
SurprisedSelf-Esteem29,nXqJFK4UmH
GiganticPowder17,kumcdUw0cwbw4x9iOR
DecimalMenorah,zAja5ZyBBH
GiantPolliwog2725,HkZHZ81Bg1wQOG7N
WrongInfection533,UtUhP1MK8ALfD
MilkyAlpha666,PgR8C0x6Xx3F1ZbO
HugeSpiral886,t4uiUuVj
UntriedAdapter7,xeup8Qrk1kXs
InfatuatedFormation,ERkmwc
WhisperedGig6055,mDynFc8TWkkoPoA
AridSailboat8,kjToAZYblEY6
AgreeablePresident,cbTSNkjeEHk
NotedPreface68,HifPYOYk8
BriefMustard77,FljqjY2yWyL1GxQ1R
JoyousSnowflake,omwH9rX8U5l8wvqnL58
UnwillingPatentee538,1fKCMLPjGNmKE6hM4
FastOutrage879,pk6ntfiUHS2bKR
FirstFundraising021,hDuQ20uNyCR9sDbEndYQ
SympatheticTrial9184,1xZzcfrRPKgy
HighOccupation,yGHzkkFT9
ConventionalPot97,DiPHRuL
MellowNews82,ferMIfc71
SandyInfection6821,Y2hlyU9IStNCs
WiryBlush17,FGj6mkn
JubilantFigure0,G7vLvftjFG1MhL8Ok
FriendlyAvailability2493,s2zKlcQ0tCgoDvr3
OptimalAthletics65,bLGWEVX
DenseHighlight,K9ANji
RipeFinancing24,oF0P0mQSUDoGw6
AnyJailhouse6056,CeMVsrcryz
UncommonVisit40,lQevVeQxmRnRks7WXf
SupportiveAccordance,UeRqopve2SlQ53X
EvergreenSpat0855,O446Vm4A6pFI
PartialFailure7536,xJZiKZijzP5uAZvQJjF
DeliriousHighland113,8n6EZWEN6
StrangeChampagne589,rQBKAL143
VillainousEphyra47,mdG5vROAMHhB01
PettyWastebasket7,XRMb1Ra
GrouchyTrailpatrol3,ErTWRLpoGbyc
FirmComma8,wdzv6O
CoarseRider5,qiKdfCHPSZHzy
StudiousRanch750,BTFwpIcGuOTLARH
UnpleasantSponsor,sy3yL13RSwDzl9Xd
OrdinaryProbability1,zHqGSCOD0o9RbteDfkD2
AcademicLeap6864,TmZleXty
PepperyFigure,GUsMRd2le
TruthfulIllusion609,7W14ucggNJR3DnxU
AnotherManhunt8229,YgvEQX4qdbv4k7
ShadowyTrove4433,Bz4SkGlzM
CavernousSeminar,6loknN8Oo
Short-TermPunch857,qC6nZC1wAeeHjbsJ
InbornChoir,c9CCBJIT1AVh
AlertAsparagus70,we0h9r
SweetVein6369,QpjjSiureMRjfL
PlushInbox13,TTQBnjbvg7BPi6xzqzf
IllustriousHobbit,H54LXuw
DeafeningColor1,S8D2UaQl6Q7TPIq
GroundedStain898,A6p3VE
KaleidoscopicForeigner7,LYjsEjCXke9Xu8WM
EnchantedIceberg27,J4e5OHE0aqthh
ForcefulKilogram1,KJsVun2VVun5GY
KeenMin9,iiEcfqL8pXaBYllx
CapitalToothpaste964,1GsnuSUOFllM5r8Q5
BonyAttitude,qCkr6S4qw
Quick-WittedLabor268,qg9BRqAPUi88P17sYHD
UsefulLogistics,Oydj45rNsj8S4l
ThinGas651,jnpKNyxeVwS64fm6Xyd
AmazingLaborer3,lUGd6JCx
DimpledIrrigation9,8kizgGs
AcademicPug9,LTgBzQGDfxG0oOV3B
PhonyCorner1,gnbbnhZqzIWKI8rs
NaiveElicit49,pbT59JKmCSvhG
EverlastingDrawer3144,STvqvOshbXuZgtOQAYv
PrimeElongation5,4bxDznfALhfO
GenuineMeal7,PZMNIDNuIwhTU7z1
TepidWhite1,DA1HF6uxRSmhT3tQRcv
UnknownColony033,PCP7ab
ShockingHashtag4158,AZCX4C3Q4D
HelpfulThumb002,LbnXNp9bDBB2C7Kd
EarnestWeek,IAoJkWsl4RPDaV
BronzeDirection7364,fFTrCY9CIFyiYNQBEL
DamagedRaccoon494,AuI6N5ALcZZ
EnchantedProfession93,3sshlluRDNutKH68KS
UnrealisticSideburns4606,Hbr0her0S7E
AdorableRaffle8948,Si3YfYq0CDogqYlcI1
FlusteredContract147,CuYHyZHmpSxRgZUwcNk
AnyMechanism62,i9foTwV5QP7uEgc
NaturalFeeding,8W17EBVyfbRYo82pfjkn
Well-To-DoAmbassador0645,hbzR7a
Clear-CutEyebrows8165,GbGiPPxoxbjxEc0SE9
StrikingMiracle2,axUkwFur5KZPMNde
AuthorizedMascara9055,etDUsMp8EOiAA
DearHeel56,GQZdaMysY6d7
FormalDaddy8,hxDhxYMp
HeartfeltParty19,trTV5g0F
WornMacaw7,pTFk1AGvspX91
VoluminousSupervisor79,lyC0i552ept
DiligentPoll,x1MMaKhcPAegqL
ElementaryRhubarb,jjNJFXPYHSEZNZdkWlrf
MuffledAdapter1592,sHb6lqeKbN98Mmedkat
ImmenseToad,aPuWuK9Ffv9uv
Well-MadeGaloshes997,6UndQuTBK
DeafeningLock,Tpq9cz65mkaRPTyvp
WeeklyNurse1,1C0kYRYOGeMC
DevotedToaster,RsropQj
SpitefulForever7,n3N6vEsvrzu9GA40y6gL
SleepyBitten8,d3ajnuvkmEGjT2sI9dkr
Jam-PackedCrop024,1FkfWo1G0B0
UnacceptableBoat883,g0TqS2WWKzR
MushyCoyote1834,rUM8JYn54QCmm63r
AccurateVitro4253,AScSak45bP5GzCspjKsF
JoyousPince-Nez14,zQrXOh5V
DimLegal8657,f3Ieodk
OvalWell39,NgAWq7pEkie6I0f
Bite-SizedReclamation1543,13h0rUoAp6esLWKJU
OutlandishInterface5,huNKtJbZP2zeCGhrfa
MortifiedMaize,EHLkxTtEds22
FluffyEffector49,fzPeWMVGT4ntjZwfW
HelpfulZen,M4eyVzeEMvZCkvTS
WearyToilet,0kJacIdIEMj
SilentLye8,SrrfJAjggzaRuikf
SilentYard47,bkMnMj5Pn5aOnv
CuteDeputy0,DbV7y5ED8W7RLGVtd
ChubbyProfile5,hO3UO2C3TsrrS4Iq99xw
StraightCoyote,vv5oT9
BrokenTon,ANc0RUVbRPi3GiA
PlasticObedience,DWe3iBsFvZnEFIUmaq
EssentialPopsicle3794,RlhDzjp
SpectacularChainstay462,GLQHsg
FrankArrival327,ogmBE54Kwg
CleanPannier7,KeSG0PE
DefinitePelt343,QBCurZZDlQ838JL
VioletMantua8541,xQBngIvkk4kyrb
SevereJeans637,N3Adbx9N5WXXQjdV
DisguisedBrass07,4PQvAgqZEbNdrv5w24
FocusedFolder9,Xzsu3kl9xBct
SteelCut5,lXO6qtRg4zc
LastingMass67,NEzcwNRW3vbtN
FamousHay0,lhoeIboxlUPukR
AwareSomeone4969,RkCcSHng
FalseHeight8344,ANOBKZ2L7B63Z20hawRk
BruisedMower352,DUbj3lTdQjljnWk
Quick-WittedRestoration11,BG7phvKpjeSin3SdYmGS
LongMember265,D21RRFlirs
HonestZampone,CcPsFv
BumpyBasil7206,uMvIdRVsQ9Sx8m8
HumongousAnklet15,RUIkE4g4rOT1JWi1
JudiciousStatue64,UGk0XNXg9Z0humxt6
DismalCarter7502,6lhEbAl1
PeacefulLegacy6,UEALS6beb4jWNst0m6Q0
Well-WornBest-Seller236,NCkhf8BaUqpZRX
AttractiveTemple3,qeoXrU
FeistyFeel1588,FPyVR00djFRe4
StunningCone2442,xmaojDsyuxGrd5g
BusyIcon,AjMi9n
WrongSaffron00,4hMoTM7AHTBrIXtqvH
GrossPromenade90,22GYci3NrInG4tkf
RoastedLicense5120,5GAAK9rqU3A
MindlessPathway,safR5juoS
SmartImpala8530,mBXQSB5lh
StupidInsect,n1IwZwUzXrM7iq0woFm
AncientCounty,oEmRkyWpQryleyK4dbR
SquigglyEcclesia3013,Qc9SUyMIBoBycLkzUn
CrookedNoodles436,AleIyp54X
ViciousDude4,3NjfrayVYt4aCNdCyH
VibrantInverse438,BNBFddoVtQbxZg7P8cQ
NeedyDonkey037,QeLRB9DuETIPckbfCQ2
CorruptRepository9304,IE5GGmP
MajesticVane1558,1hlLoupxJ9AfeTd7e
KindLoyalty1,iHFZxTNDCIzNjd
CookedStrobe71,HvbQSbgKrGfGsGYDw
FakeCinnamon1225,EzUBsioLsgJvtrYEv
InsecureOven323,4aWWlh1XCp0
SafeBrand1,Q2sdVk2IphlOd10w
ThoseSunday9,WhiZlypZT9MBv2X
FatBustle6561,0fIBYWx
ThirstyQuill9444,J0BNSLNSpWcjN01i
WrithingFamiliar,2LttT5OZTmyp57nDeG
MilkyCough692,I8NXq3atw1ZV9rl3ux8
LamePlatinum47,ZK9l7YDC3P
BlindSmith142,e1sDLuS0BG1oy75
FlusteredEfficiency4,Ep93Wa0
UnequaledCooperation636,v5reuhj
FairEconomics72,mQhyKvnDI15BkJE
VainPresidency2,yLHE7yez
MuddyPita,6mTxqcmWf3qXxu
MortifiedLout,xuv7Bg29GR6
EnormousQualification,gNxGNUL8lkoywPKH37
HumbleService4609,voKrFroOXimjY
UnwelcomeMozzarella944,ja8RyDvsY5aBG5W
FrailVisitor,ITfTQHftYX36s
WideClarification17,rtWDtD
SpicyHorse626,zXQuLO7e
KeenMantua000,8nQ5OwmR
PoshStonework3,Pa27dHU
TeemingEmbassy0,zWgGbj
HurtfulIn-Laws3,rVgZThhQAAq
ThirdStep-Father,d4MLTe8pyxgOwbd
WornScript6896,dhetzN0Y
RepentantDead02,OZ4dTiFdKJkNu0hn
AlarmedEmerald2541,2JjXJQk5
UntrueQuinoa394,cJQGOt0xeyGfAfZsXJ
ScarySubsection5625,iRnJJSLOxLcU
ObviousRayon259,6K7UWN3XSmK7tBjOAV
OrganicSkiing77,lGnrBxmhl5VO
FemaleKeyboard1118,Q2mKZrBLemuSl7tbQn
SimplisticBombing09,khHqpmuvctl3N5l
WrithingCultivar4,Ul3I0Eu1VN9WmyD1erCn
TerribleTelevision,KRuJpZXEpRxG
PristineExhaust78,QP6VbNYFxruwtt
GenerousSin2314,uwcZKkJc
RepentantEspalier516,HZn221ydTmA
SilentDepot6,obOll9Gphr
LavishArticle024,dUsswhnMz
PutridPeanut,Tlif3aIoG
JaggedPresentation9,MTJCtQ7m3hs6UTNBJjG
PartialWeakness50,wUrljF65IJSGHScaH
EqualBronze8,IDLlpDGP
DifferentObedience7,AAqxUcxjG
OddContrail,UvxFU6
SilkyQuest,dXJdzJEluMMOSIqhMYW2
PotableBotany5558,VPqdM6
ExemplaryCook648,PB212P
FrightenedAirship9350,UHZbbCvjX
DeadlyTaxi619,ZNMRsnMzjGq0sAtG8S
TartEthics64,N2pA6YzSo
RaggedCeramic71,hQAGrW1gyVCF8qFo5
DoubleDaikon12,vrCFtp0ZTax
ForthrightCheesecake,PsaPdhDvXTQ
CreativeMed56,DOAbVs9HG8nEIm4AH2
WateryPolitician97,4nvI6W
Self-AssuredAdverb19,1jW4oXB8ZCNOR48lc3
ProfitableCriticism7,AjGGu7SiQvI
DecisiveWriter9,GBATEkI80d
IgnorantDeficit,wmgINn2bCK14
ActivePage,LphnIYNJcBxD
ObedientOffering,krysnw
RealJot2,uI03OOr
LiveEarthworm431,SVGKFD5J9Nd
HelpfulGrandma39,ItGh4cSROUUhrBts3
UnselfishAnxiety,Hm5aJgxHFwFottxq
StupendousCaliber7,krtk4inWZRpy6YkI
YearlyPaw087,VhRdKsh1SntHWtYt
IllegalInterest,Kb9UxJ2dzcx
StrikingSector9,o63Yxg
IncomparableCranberry35,hBUCLhh9
PrivateObedience7,S8wEPzK6
EnormousCurler3,hy7p1ioFjrI
KindheartedProtest1140,iSDZCGUv7o3vNA0glD2e
BitterQuota9927,rJdtQLa4pT2Yo
SociableHoneybee4334,P0227wmhMhWh98k0
AwkwardLibrary,jSKEuDlhSdn
BumpySkean59,fiENM0dE2vE9x
SoupySecond5,muOtpOGOOQhSN4VtFz
MarvelousFratricide279,QUMuchYgE2NwL9cBo9T
DeafeningRecliner46,2uXzOD1bKquR0ynw
IntelligentAntique988,9TKr3PdOt
WelcomeSnow5,zf1Fg1M
DefiantClay403,s8ZBuuy
Old-FashionedWarfare708,VisKCG
MonumentalHeifer,qiKxjYmN99HdyIgN
InferiorMeet359,ebtGNvFRKRq
CommonExchange2070,X7oFAn74YW66
ImpureShark649,SBabeb
UnsungHorde0764,Q5qpHGulcJ
IdioticTorte,SRrETDI9W3f702
SentimentalRecession,5RBFGUG3xkdfbqYAAY8
NoxiousHorizon36,TesuWLtSVfKK
YawningWoodwind935,v9hKEDydTeTl
MarriedFeng570,Rh1TFolz2CBmNzwNj
ForkedAbsence0,qUuc7Ls0lq5ZDqPV
StripedSkywalk304,rAgIc07dVpLfr
SmugDigger7,wWitATxcesvMp2B
PuzzledBathtub0,W8W20NKbmT4SdvCwQ
AmusingEnclosure432,0XJiPqFDrbdHi
SolidPad7935,aciPvuYiVp8GjZCpT5q
PhysicalJelly84,xcDMXHDC5aRBBvw
RemorsefulWetsuit,KQJ2lFB4OPMQu
MonthlyCaribou,ezEBme
SparklingBusiness582,UA7Un0f4lLrxasMsUe
UrbanShallot,5QQUh8vInr
SuperiorStructure9206,dd0qNV8hQw4
ImpracticalTwilight,uPnrVW4Rs
ThriftyDickey758,aEUF6MG6CfLwDBoLn
AncientFedora,vCmGkLA9hsULZ8souhcq
RunnyQuantity,76hbgxr7na4p3sK
HilariousFirewall,bKoIjRR
PerfectDocumentary,U28J6VSnIx
BlushingOffset323,C72tciiS3JvAB84Ug
JuvenileMercury82,G5whIJvROewMXiU3hSP
BouncyHike040,rbjgBKJrEq6llIBmGh
InformalMagnet,opLRT3KnmRbn
FormalHotdog4,01rAVqvjPeMS
Well-MadeRetailer97,99v6Oti2oO5XgIVyv
BrokenAvocado9,kCeXJkM
SpottedWell1,s4KRLzK3xTA6Fr
AltruisticPerspective91,FFcqKxzOl
KnottyGenie3,SnWsCcGDjrXK
DismalCashier609,pLIaLe
UnwieldyAnesthesiologist587,xASBfC45iAl
WarmCharter0,bWgZUudfvujd
AggravatingHive1355,eiVEk7Pct
FalseFounding07,KgJZ83Ro5iT1eSnxxF6
GrizzledElderberry130,OlAXRY
JadedStockings40,lC3yEiD
LumberingRadish0001,Kecstgz
AdorableTelescreen0275,YDMk9Qwk
IntelligentParticular2567,0EPWpGBK7sWs4DDUX6
NiftyConstellation9790,aHUb3h
PertinentThigh,vyk49UwzjGI17gZfLBQ
CornyStandard5243,dkrllelA63j
PeskyDatabase9936,GbfBmR2aEF
DrearySardine,VMMpR3l86
SuperBaseline6363,R9snIGRaDsTR
HoarsePusher0,xm3unVvfeL
AgreeableBarn3405,19veqZAWo95h2Bd
MonumentalLawn5,hQuRMefo4j0JA
FluidReference955,ia0ZyiJyLA
InsecureWatcher,sfY5OTUSpOgF
CalmBlank4,Mn9SVXpoVZGf
ViolentWisdom6,6hZ9fzYkdTBmkf54CMAh
SizzlingTourism23,NjQv1lCCeu
NegligibleMasonry702,PSznnRbWZa3
GivingArm2349,HVH7iMTHZLp5SnqL
UnrealisticBeneficiary82,Vrou5i0PP0W5yUM6eu
GiganticNews6607,R8wJCMk4eyDTfwdzpfk3
FrequentSpokeswoman357,PW1ZKSSBi6D6yiW7oPo
Well-LitTub1,vAK4Y7fMHjuZiv
GiftedHubcap703,hzuzsf13UmE49lERs
MutedFavor29,WvksbRDBjUkp
RareCalico6,X28igUNBMOdbF6h60
FloweryRationale411,Ha54njszRxqgDV
ColdContainer6,G1cS5iqdLsjy7sLIE
MuffledLocation1623,ZkG9RS
WeepyMallard78,tQzS2AaaDFtg
Black-And-WhiteReliability2345,IBPORSfrasfD4n
PositiveSaffron2929,x9bep37WtMp9PLp1gTc
GrouchyHorn297,WCwovV8dozrI3VcECc
JovialPerennial7,TEkt5AWR2CfN
CompetentPet,9gDzeamfiW6NMc1ACn
Second-HandGlobe38,f9yFaNHXqtr7slJaG
MintyEntree,1pJ4YPSCKpJy
FrillyAssessment,ebK9rS
MajesticTurf939,EkQQpNzsV2oj
TanNicety49,WSjqFEkbhG1NOvW
HandmadePickax383,wWnqDG1heMtQN5
LazyElectronics9021,FzEsKdGs
CoarseStandardization29,7qXIHFccle6vRMC
JuvenileDrag5919,maII2vmwDHFBv
Well-InformedVerse,WK5I36T
CluelessGlue,K9SbWFUGfgI7J
UntrueCollateral8047,8DjmaCnJaa7KoRTm7gI
BasicGuilder,eqCq5nf5C
HarmfulHandsaw,S082j5dPImFJozG
UsefulBachelor4802,Q8zEO0wPlD1BKZ
OffensiveHelium326,fGXiHeOQzOoMt
SpeedyHappening0137,FyqZVBftJbHw4fRh
SaneSerial17,fJelRN0QNgJhhrbV
ThreadbareHyena788,qo4JFkCLEIML
AptYouth,mgbTh6q
MilkyBust6240,n1NGY6XTNc0Z8IIw
GruesomeSpokesman5955,TgEvjfdO3Mu4V1qpK1y
RelievedDemon84,RNn0fFbvvEA6J5SVPT
EqualDefender,bLGE12qCcbSG6Vr
HollowLobster1348,fTQAQLz
DenseCover2045,Jp5lc2XGl9nOgZB
InbornBlade1604,uMMjsyk6A7tBnGE
DeliciousAgreement8,e3xvMhv2un
Well-To-DoCarabao70,OuYx2qD3GCtr6WYyb
GorgeousMantle5427,7cvF526VCQGisj
SnarlingVintage4,qcKiX2cSXtj0bVCIQLI
ReliableGrab-Bag2060,DXGLSyG5NtYLb3h8K
MinorYarmulke85,ceDI8io
SuddenEicosanoid5,SjqZqeho
LimpSecretion63,uIw2yUi
TerrificFiber52,gmrCd4OUbOaaPsd
ThisPamphlet,0hv6wDDgM
TraumaticDud8966,wVz0wPAY9FHP
LuminousPace,3R3Wtv
PowerfulCent0,ZP9cYdvDyV39j23znzkr
QuerulousReject4335,lKoSx47tRSE9Te
MintyAssignment0921,akdzSicQ2Qofhf
UnsungLeash09,MeHnj5IKSeNhY7jOiAJ
FondEquipment44,0xykSM
RudeEra60,AcMmyXOSMbjy
ProperExecutor,jpYmzixHHY
QuarterlyVector,sJe2FaJu
SlipperyCatsup5,QMCcNiLW7Sg9Q7nyRP
OrdinarySafari,6B8YZdr0kP
MuddyPatentee6367,gpROqu2fHpLO4QM
ExcitableBroccoli32,L3paKkpz1wAhY
WonderfulRefreshments379,4vaj39lNUZ
FilthySycamore4,wFShQBzchEocKUAmBNM
MelodicMerit058,GjtqlP2IZNhUN8Lf
LateShawl,06ZytrxIu0zPBJ
LinearHavoc,ZVqCRp97lNuzrs
SimilarNoodle,ZcdLwtVtX4H
HonoredTeaching,69DTqkphiLGyb2R
InsubstantialBaker2,rNR8Amc2X
TenseAirforce9885,q9tojxgHwqzCeb5jsKhc
NoteworthyInjustice,jjpo1D9
SpitefulChimpanzee77,C5d0z08WKN
LimitedClosing182,EGGLiheOo
EnviousPopcorn076,XCYfUSxFWGjO
PrivateVendor3668,wXZxshIb0wP
IntelligentVehicle834,leKSYDnOX
PowerlessBrink4,JeTi0IX
DishonestNuke,1smxVVPtYsx
PaleYam1,KU0YRCf2LLhIoP6eHrh
ReflectingNormalisation92,9HZxsoINZ
LastingLegislature,WHj0ot7K
WhiteBay6,uSHFyQcxiBho4KTVJcRX
ThreadbareCenotaph7,5um5QCL
KnowingSunshine9518,NYIdOFEA5gm
CircularForeigner9099,KaGqfTind
LateSquare0323,tPRfa7
CriticalBalloonist1,p5G0VhqhwMKwZJR3p
MaleContinuity084,fozvLkX
DramaticCeramics597,VKHc0895U29jc
CookedAdobe,XDOQnpMMguvFH8r0jpy
StingyCarload6,EmxwAZfmdjt2baZdL
SparklingAardvark,CcO1slHZV9O
AdorableEffect91,vJverqmRXtsBgu0U
StudiousDwell51,P8WQc4aMnW3CD0XWqn
StarkAdapter1,c7Fj61
BogusOpposition87,eWox0m
ImaginaryCertification891,xV4wohuUBJ0
LimpClass,cKlMv5p
VirtualRevascularization3,NL4lGCvXbA9Y6lnZTuNj
LiquidPad,kzAJre2F31T7U
HumbleMaintenance,iBIE8JXVw2Vw
HumongousArchaeology,igFzRV
Far-OffHell6,gYbQ1KyjNJ7TrDV1jxkE
ProductiveBreastplate70,wIA7fn3vkhK
AmusingVestment9478,mLAuoOTBNe
HandmadeTherapy24,rglkJQ9BUHId89ceE
ComplicatedSecret6064,qxhmJ5Qu0qAj
SpicyClient42,l9wuns
GrizzledConsideration232,9cIKD26PkAMsigVTECT
BustlingRemnant2,zXpjqJ5HpGGMNx3M
GrouchyFraction89,l3J1ba6jY6qVL
AccomplishedNonsense,768obBDFqt
RoyalSuck0749,dXw3TC
SimilarCircle7928,q5hNIpZAih3Doj
SpiritedSpot866,MXmPl9hQKG0QxDNYj
ActualQuartz031,Er0uggdpJNPZG
BlaringManicure5837,DqS6kvvBK
ExcitedDurian9249,WlSY42
SilverHarvester6,X4IeRNlUcQ6vc
DifferentInversion921,ISAsEPOhFmzRoU68
ImmaculateWarren3,29Dwt3fyV39wP
MediumGland9344,0rUv72lzGkJ1FjcW2zm
SilverNeighbor035,V2Fg6eG6uxM
TiredKitchen219,WsQKaeE
ViciousPainter,WjvkvBodfb51EnSEvkj
RunnyCharset,x9OH29Lf0obZo63Ux
FineMicrolending2606,aRCIeF
PleasantLeash3,aLqkjem4ERuSCDUUvcs
MeagerFly70,sBsQ2t0iIt
SatisfiedOutlaw,NlSRtqei7qPjP
ObviousWhack3592,8WivBMTAP1
LastingFondue08,GHdun5nCMj
WebbedHeadquarters,KafKcp6yEOMuCS
OtherReboot,lx3QBEsXc4tRzfTc
PointedLoading73,CxcQlvRPIHPgw85Ya
DigitalBureau5,UDXKaWfD9SmXt7
VivaciousDrink84,vIotQiLp2voVL
ThriftyBusinessman89,sAEEzHWpaIyzo
ShortYoke,UHCWSC729ABDu9drotCI
PastApparatus,OI6yt5IbZXB0leZIG
BuzzingPast68,IrwJ9aGgnFl8VcJEM49q
AnguishedClam16,jPol18JAItwme
PunctualCoil,4d2twwE4mxV
ScratchyBlocker9317,fxtzijpJjVeRtNruQGj
GiantFeedback5,NZmxUSRh7VWueP1VAg
InsistentWarrant4520,O0Yxk06QVDW
SubtleMonster,JgDiN6taHxGYb
AdmirableCherry,ZoL3ChNam6X
UntrueChow15,7P4oNwCZ5o1iv1Ri
VengefulGas6939,1JkD1ykYTTOzyC6T6XPI
SnivelingBell098,BQve7UB6hlLX2A5gM
NiftyCaddy8,8JuUmp
ChiefAcre474,YQkIiZdjHW
SharpSquare6105,jDcpHxzojvlkDoTqfix
LinedServitude1,bjtne77Oh
SkeletalInnocence7,5atj1zFZKNfEZpDO
MiserableInsulation088,YpUPQbyqiD0UlFUzpg
ViciousSiege416,OxPa2yrO
MiserlyVeteran5,Rq1gTJTRw9vMzOq
DeficientFine69,OXZV0N
ShoddyAtmosphere56,LYgxbNDMGzchUQ1E5j
NuttyHousehold2,pyhwb2llXsdkUm
StainedTracking96,dnBfwKkUdkxwW0a
RundownConspirator524,isgtIOosOFGSK8AFB
SlipperyBagel8942,Qt5c3OZ9H52
Second-HandAcquaintance0184,I6iyW0l17iJHND
CornyPumpkinseed28,jDy8VhzhNPdyFUs9D3Qr
PersonalDigger,vF8CXO7E8qV
GivingSundial242,A9CHliZr0efcfmpTmTD
BlushingIntelligence2,ohceYtqm1l
AllJackal47,QKjXJCNMBtklk
SomberBook25,vpjyx90BEOwuJpfbopT
AlarmingMoth,IaLfQv8gin
JointVine166,JTvXd8Qiv
LittleHydrocarb,cWEW7cKcjR
EcstaticDarn6,cX9utnvE
AfraidHacienda5,ZFe3kr3X2avItb0Dlbcx
QuietSpank,2PN3aRJhAzaY5
GraciousIndustrialisation2,yLBjinpANs0XUm1LGy
SelfishAcoustics0,1bp22oMnnkD5
VirtuousWalkway7893,1dTbDUk8lo0i4xLRqeRB
VastDate3,c9mTGobUv
ThunderousMother-In-Law,B5UpQ0DAhSN4
GlamorousCasualty290,8Jbo8adztEETyRYMWJ
StunningStyle313,HcGWNhD
ProbableHemisphere,ppqJIL3yqcoCBP4
FemaleElver6,0i6z8WhjWa3qAzNntKo
TwinPopularity6,mZKKzS1hmgaVQZo1y
FrontBag9788,k5Jrn1madxl6
WorriedCake1,FSABfTYyCWulu9Js
BumpyTomatillo9,zEtbRNAt4
UprightMessenger3,nxJXCb4f9c
UnnaturalWill66,nvH1xkkr3v
SilentDeclaration79,fr4BzBY
VirtualOccupation,rteZM1
AncientShade899,TAUPQD8h
OutrageousAquarium8,2fIH2YHAwd3U2M
BestAnticipation4,4CLmZrXtB5dMjEp
PerfumedCommonsense0,dTUbNYOJun2pQ
CarelessFine3,Wj5kaQrF8
WickedSpat,gWnH5KcTqKmPZ4rP
StickyNick1282,ycOsFkXdDFS
GrowingRugby5025,SyEdwN0GKxXF0L8pZ
NoxiousPilgrim1382,u7F8XFK
WorthlessOverload,DatbnTb6GLba9AeN4L
IckyDimension4,wRySAuaRA7a
WrathfulGeography006,VuBUwMacxFdHRGpIaMDE
LustrousCash,8cGxNDtAM4vl4tgo
FluidApron81,PpPhDiRw
StaleSupermarket131,igwMaiHKYzDCioH
UnequaledDeer23,7fbfp0kEVUbLdg0MhHyj
GlitteringProfile551,2qVAkw6s
ZanyBarbiturate854,G3dkJoaD3sCNalPO10
DecentNight51,BYMhf0s93dOenbZe
BouncyLaw1,OO9hqD6JYA
InfatuatedMasterpiece,sBYEWqlWh
BowedPrior,kBNmRpVr0y
TintedSoftball,u8jOYWOn5
SkeletalStable41,ONbEoaQtPrxj78EoFo9F
AjarExercise53,Hfg7H4js
SuperbAcoustics61,icQ4FJGEoNGMry40cQy
InternalColeslaw1,lCuOAsch
IdioticAfterthought,tZSIjZvV
RottenTributary79,EIYDtFohljdl
FoolishFont,lwBbBBPsdZp0vnk
ArtisticBunkhouse5646,nBYeVouID2Ylj
PunctualAdulthood36,nKljDMFt
SecretOutback980,a4HP16fz
BeneficialMember9160,MNExAz0Flei
TremendousUncertainty,C49mluaeXN1E0r4I
DigitalDuration584,b9GcividUb0saIo78
Bite-SizedExtinction0,juzk8vY7I6
TruthfulMoustache423,39FVfAd6uUsECnqCWc
UglyUkulele146,3tTuQ9aN
HauntingThong1,EDePUYg
Well-LitNightlife55,KVWjkP6ha
ObedientSelf201,XrHwXHRxGRDmh
ImaginaryIntervention91,ZmR3aBvMLsMrgzSD6
BeautifulChronograph5797,YJaazwmFs
ComfortableField,4pQVzsZCeR7TAFvwH
StrictEraser,yflObnza2wUIPOX3fQM
MajorCarp597,DOuOj9u2CrmgRecvoN0
SatisfiedSemiconductor,9EqEjnow8MTYfM
ImprobableFibrosis,XqSrss319oKmNiwLhlh
WholeCalorie35,AVwMtyt
MessyJellyfish7,3BQ7U5wgYssqBDzidPH
HandmadeCd72,jx6b1xJ25zBIYHAyGk
NotableHornet,lqKWTnIczjdmh
HumiliatingAgriculture,DPAUAWRHeQAsKI2400DG
DazzlingParallelogram,TVuqVgLpnjbTahLAsB
GrouchyTog51,pEIGhcNeGq
ForsakenNightclub0,qnjAbBHn1Xs5zG
NumbRefund614,7XolQ584kjhiy
IlliterateDamage24,DEdy0ntEudL8J4cr0
PoisedIllustration,wU3yrWhdHZTH5MvV
BoringCharm444,FD9i42Mc4yhec4CDQ
DifficultDungarees3,CdmPhrmbHu7w2HR
HonestLeopard80,nCKu8Nr5W26
AthleticInversion223,DIT60emWq6DIbWZ
SuperbSweatshop,vU4LNDWmsh9YO2
EqualLentil2,19GV5ZiIbd9i8iEq
FlimsyPtarmigan73,b2odifU1NPjndHQnJVBy
SatisfiedSpoon22,IkhDsC3m
UnnaturalGreen76,2h8DSPjVgIMXtSKU
WoodenAss58,rrCKdq4O0NIq1PwpH
RingedDomain062,yWEwAiPiVKcWz2up
RipeSole8,WhjcxxF1cPmbS2OIEQWu
DeepTemporariness,L3hthq0jwnTYvRT
DisguisedIce4054,7iuBLusvIsZ
UnlinedReceptor221,GnrXhf7CJvmR
LooseLatitude636,cF0xo0PHDYSI5
RobustReunion,3P4fV4
CalculatingCorrespondent8,JoosMr3MN
DimpledTag90,oTEw3mqd
OutgoingLiquid51,RkYL17
TemptingCement3766,NtrOxKzYfhoal99B4
WoozySkill44,ElhuHppnfVYNE
FormalParade9,XBqD3Gg
BusyScam788,wYTQhOgUY2h3c
FilthySaxophone5139,xl0VQq6pYHkiTU6eyO
EnlightenedMythology735,n0bcmWmD
KeenIndividual19,ILOZOOKAcby
TurbulentClimate2725,0U0rwIPUcgHwFlQbs8
Far-OffNonconformist00,OVpRyQ5hOhD
NotedVan1,jAqyO5nyiQ5xwOh
TotalYang,W9aRMbXweY7dCD8l2s
WaterySnap5261,xOhpQ9W8GvpTttKX9
ComposedVanadyl,8Cx8Kf3xWg3p
BadField2545,eA6n23FTuCpdujguCik1
StaidManservant36,9l8xY32lZLjKEyJ21pL
EdibleIsland35,BPYcuvYk9GMj
HardPecan238,fmkZXGPllFWtm
RobustSadness,PQ2BDKiNziTiOIaDiX
PolishedTwine,JnMO0msypLYKQ5evwj
FlakySomersault,KtpqicNqDyEvW73Z
DeliriousSupply116,gquq45XBHu8TE
PessimisticSculpting02,7O6MXmUdk9nxk
Bite-SizedDisaster04,fvr2Fc2CgLk9ZoiZcYpJ
CleanCyclone,te1IKwAIJMdH8mI
SuperCeremony7982,bGkN2CN84Z529uJk4Fg
ThesePomelo57,jdOUzK2rstDmQIBdo
SwiftSabre4475,nS8BKBVMRGeyvteCurf
PointedDusk940,S7TipPA
AdmirableRiverbed6952,VkFAO1
HideousMountain97,WhUJfWae6qqbK
TrustyMacro,E1BLTzbCyAP158tfpc8
FastMetal,2VVQ2kAG
TruthfulViolence3398,rL3OdrC
FruitfulVilla6,9GHVvxpHk1qm2
LimpTentacle,SXxVaaKgPMZSBVQlI
FlamboyantPlatform1,sZjwCPlXHV
SoulfulYacht6538,OyXiBF35yhV
DamagedPortion6,1GSu21H
ThornyBunkhouse9,VWt4mWcLTZmh
LivelyRaccoon531,iUDxRv5TIKTw9bbcUtTE
VictoriousNegotiation2,2H00e5uf0kb3hdVUOSso
Easy-GoingDictaphone4979,QCqNpOreQR
ShimmeringRiot,R3urxw5m
Extra-LargeChives,BZzw6PIu7zdCgd9cu6Jp
ResponsibleDuplexer1,JofGw77ZzP
OldTrance6812,c2nJ1oUT
VitalCoaster9,oqy24g2dWMtuppDtkn3
ShadowyPan,YfDMbxZQD
PriceyTunic,gYzbxntP6uS
UnripeUnity0,9n4q26pwh9mil7b
Wide-EyedVerb4647,8YVhePX1HPaX71DCB
PoliteLink66,FcdT2K5MF0FpG8ycW
EllipticalSousaphone6965,0BAeckRaN06p
IdioticEicosanoid29,ElWXwq0GH
TraumaticChainstay4316,sbqgMUB1K
TinyPlot,NB5Dw2xJAyo
SeriousElf,QzzsLM7G45
RelievedPimple,FAdG269aCSN
AbleSofa3473,o7nRgVUczv
ImmaterialConductor3,UYj4KZRASDHox7oeGdX
NuttyCd,FyQt6xWZSKOLl0
KindPea475,lS5DbC4mvePhpR9JVZ
SimplisticDistortion00,OHIWVOqv
JauntyFriendship815,1TuxtC1NWQVjw1SLh3u
ThisRum3,b3iexIokza2
DownrightDelight296,i6BbXUgPMZM1uK
AnotherGerbil732,l17iTMOmNdHqKFwYd
ScornfulAssault0204,5fmD8Ew5r
UnwieldyPronunciation,a53CiozImgIi66bT
PeriodicBlossom123,lwGJDwc
BelovedWatcher,6vZde4jFP
WoodenTransom514,HdMgv1
TrimGall-Bladder92,EMMGWQtSumm
TriangularAstrologer6744,m9NObHLVcgbzIQhCd
ScarceLoading0017,dTU4LcUcZ4rvaZL
TartFowl2177,rAM1FJBF5MPZJwh
PossibleAirspace17,AZEizJVdOr
SplendidAlmond92,TiuEE6irvbdNMx1NYQ2
TautBirdbath5748,68l977VHgfK5
TrimSideburns,mEOw0TnNo
StupidChauffeur,8MhoPABn
InformalInfancy4680,hV6Faj
UnlawfulSpiderling3774,8M1UjNCQB8z38Q1Jo71
ExperiencedLid7,r62x5UnAn84dm0XhT058
NoteworthyCounselor6,TdQ6oHQ
RotatingDeodorant,qBNDZAPlNkiEd6ISs40Q
UnrulyCharger495,SPQzXS
GranularPancake,4Wjn0jntX0XNA0
GargantuanDioxide,7FVb1cj6Wy2qVBW
SlimViscose,ONLWzN45n
HummingDune Buggy0,gFzcw2X0j0Xlr
FondKingfish829,EscSPurSBisNVFP
UsefulSupport63,mQekmlslfaUdKB7
SympatheticExpectation018,4bqCGI4pDyiRHA
SociableSignup1716,hJzACh4bPy7QOBIO1fNn
BeneficialParticle048,rGAlyGxXhbO
ImperfectImplementation3,bC0RfvQBd
UtilizedSubcomponent569,kAU1YAfjwxg9zox
DownrightBreakthrough831,jYklMRIwdfEFBaRKO
SolidLighting8872,GWLWa8clbLvYH
SpryNegotiation,QBkHnx6Rnd
SillyShipping342,eXz59EU1Us8
TrustworthyHeritage617,wi7WW05tf86
ConcernedNourishment,mDF1o4
VivaciousDory,mVeMks
AuthenticHelmet96,5RWMNTr
HilariousBlog,QHK704hsVCjkE
FamiliarCanal831,PEDs6j1KrGgwyU
NiftyCriteria53,3PBnxcNjf
UnselfishArrangement398,3KOgxWeACRGT1Jh
PrimeFacelift,GWVF6lLu
AthleticJoint35,Hg6lI64hj
InformalSource,cGSW8YvLJhdasod
WeightyPossession,oOpqBw862Ww
StridentSchnitzel174,1QR9QeTDGbUnCOjJXf
AuthenticHoneybee1,yf4FkjelB8F9rY
FelineSneakers,fPMthkwXkI
MonumentalVampire9,PjEXJwShqNyWORALpSN
TinyConflict466,QhMaXQF
OutgoingDark5908,63VzMZ2gklcar
AnySlipper1900,SCc7pHZ8T
ShamelessScaffold6236,5rWlUh
UnusedDarkness,HL8sfWn3XC0UQr1O
GrimWaste026,lIrIY5psZ7
Self-ReliantOutlet5005,G2jOO2zvYAnepx
HeartyVelocity2128,5JALiJYog8XMNTW0OCp2
OutrageousDusk3,g9mRjMFgKJjKGh
MeanResume,eDBsUkDsQC
SameCirrhosis3947,Fp0z1raAni0
SilentStaff73,LTPXWz9V8
HarmfulKnife1395,WZ71Rf
IckyProject143,98N320jiRcvp
SpiffyRugby7400,TG9yJrWm0fqLjerkz
SuburbanCornmeal1632,JmU6VzXuJ2u
InformalOctet657,inJpKCJmMum
FrightenedMonument72,2sMncG
PointlessJellyfish096,vE1FNze2QsIs7WP
DecentStepmother65,jiSdgiEwJcniWTWAw
Black-And-WhiteDetermination8,adzwzD51zOst0e7tC
BareReamer6395,Dc3co9qgnEaFIrs
LavishStumbling1,6Zk0cB
ImpartialTexture,Ys2YbFD
BeautifulHarvester4519,16efyKJ
ThatCrash65,1PkXXP7lM25
GeneralGathering3601,KLROcK8L
AgreeableAntling026,XMfrYI3WJ74csQakw
VacantVivo369,8daxvbONOZr2zdV2llU
OldResistance710,QajP991D9MGQYx1bH
SoftNecktie9527,c1fCbchcZ
UnacceptableKnitting4072,AtHRRbMO
GlamorousOdyssey52,SKOmro7CJFVZy
Well-LitRape43,rz7Q1T
PinkCrow249,CiONHC
ShowyAccuracy,ghPPBCANci3by
ThoseFluke441,dVcPrROZ
HugeTutu5,IcPMQKEskXMEKP
BossyCigarette4510,W37dPz
JollyTrillion,oSDe17IIIPnn
BurdensomeMecca,fp9D14x1wqF1RN
RegalLyrics2976,QDra3kBK3lycv79t
AlarmingDisplay95,UeeoIaGSKBgvJ05ElG
SecondaryCafe8,cSKn54pQNFAmh
PuzzledTunic743,0xD1ePe
NutritiousNose2,CZaZbpHbwzOMCvXYj
WindyTheism,R9bjmTIF17kKQmA2XjKU
ScarceJourney37,El5hJaisv3ZSbS
InexperiencedSmith89,7yDAweekcvghL
GlisteningVision2337,grXnUap
GroundedCross08,CTbDhml
EmbellishedSurrounds339,eZekDxXNy2LndBRvP
OddRepeat7,xSlFbmSi7zY
ScrawnyRidge,KSH0OgHn
PastelStrobe,l8XtVF1w4SDKij72dOR
SupportivePrevalence42,n5fi5CGYT2Ag5
AggressiveFreon34,LrUJBwxj
ImpureInverse55,FLtr07akKi
PoisedAmbassador,GO0jTSCsG4JF
ModernEnrollment3,5SeqXH9
TartBricklaying5084,IK8VMABTxKzFRaW
InsubstantialVinyl3,jsABWX9huKan2zlCNmZI
InsubstantialFrog49,ksUuSa9ajHpJG
AccomplishedSamovar41,yKRu7Rbzrt
OpulentAnesthesiology,yuWoxl6f0fL
InferiorToaster58,8QeQG723FZVAbaot8YwU
MediumDeveloping7,Yhjhjy5L9T15o5lV14
TediousLifestyle,atP6MJw1nkUDf0XpCl
EnergeticArrival4,rZEFGphXIZTs6
Long-TermRetouching00,6H1Wcd
FluidKnitting,Olpl1WeJam6SEwZIkKZ
IncompleteDedication022,62Jh4vCRjKBjJv7tjyu
LovingCourtroom586,myAbSkN1rah
RotatingTom-Tom,v4H14k9zSzm6gKIVEo59
MintyRuckus4409,D5sz4A2AW
CuddlyAgenda449,3OKJoNjGrTyAgHLm6
KindBaseline797,dPNCjSFUVHq7HUSm
FlawedImagination,rbM3olf80
SilverGaiters,H2gmOHHou1PC0l
LowCollectivisation63,msH91dBEcxJbjWp
MenacingFrog,GP3UPOHMy
ShortFoxglove928,xQiERO0vNvOFBIubjJI
MistySlapstick,1PjtadHUVfNCxzTkrtoN
UnselfishPulley20,vU5MwtzycgVolYSkhGJG
ClassicLightscreen2,uEPzY4Z08kcqePisp
NextAutumn191,hTtoFBklrjqm
FragrantHair448,JyH6OWB1i3PVzzi
SoftAdaptation,wIyrdPjfdA1lP6
NotedUnit9,dlkoLbIG
RundownNibble6,I688PhP
MuffledChauvinist1426,AbmCevdZaa
ComplexKimono67,aRYpF0Kl0GtRIwXtjc
FarawayMutt8,XF8TcaI4nCSlU64tl
LinearMonastery11,K5xZIUyRyl9dZG
BitterStock6,mtHTwa0inC
GargantuanSturgeon461,Z27qELCCD
UnhealthyForestry687,ZtrtsIPyegFvC
PhonyYoga3221,gGI3MXDn0
InbornSweatsuit,FNW5icS35CQqjdwtj3q
Long-TermArt568,6QMRo5GS
StaleSoutheast,B0lat5edJmkZV21
PotableCast38,aqyHphNvNU3QJwz
RadiantShortage30,Gd8vYtk5y
VitalIce-Cream330,RmkL0L87ZM
ColorfulMessenger50,TYoMqmAgptRm8nsjdhD
IckyMousse,wGr97d2USON
IrritatingButton349,icAIvUO0bzJyCq
LankyWrong5280,cc1UyJIzmjhs44NnarmB
SuperSleeping2616,XYbc6TGOMbcj9lFdP
WeirdAftershave738,SRdTr8
EmptyVacation9888,4cLMpjlwJqN
GleamingSystem0,jurL14zOjXk
InstructiveAccordance3,LGc957ccdDhk64x
ImpoliteCarving2,KrxnyufUSZ6K1WA
PlaintiveWren66,gX8Lxs
BlondTech993,BpQJuh
DelightfulHumidity71,yTRiNbTMtOor
SlowChasuble670,zpWrhBL5zJe
AgreeableBoy1,sZnGni1Anavaa
UrbanConga8,QCn1B1
InsubstantialConsul4,XUTHVRy2EIWCsBVj
PoliteJoint1052,Jss4iw9hf3x
BaggySteak8034,mgVrA77L98y
PunctualCrack,UStXM27
Far-OffDeliberation287,T0Ts0RECRdYhc4jDhfd
DownrightTechnique334,8bjJyt
NauticalFootrest5472,WHFWhLck4hMjL
BadHall5,Nyb4Vz6FgV5EvF7nU4m8
Happy-Go-LuckyTan5100,cYYG07n7QwVMcUye
PartialDiscount9,Fc1Snk2Vo
ImpressionableBone6830,AipDnGvIj
HomelyBone1390,hAQ0aGGiCQUGK94I
PoisedOutlet467,r5plR4K5epYPdzT8c8C
TrueMadam,KbyRWwp0OnTvdwrV9
GenerousMare,ifFEZPWu320VnpdS5
ClosedMacrame03,uVfzFoWkC
ComfortableJob5788,MerwlcRlUXTlHNUm
ElderlySister-In-Law34,IgWTb0LvNQpFVlsalm
DearestEthyl687,5M6zVG40N24mYvHCY6
MonthlyFootstep952,ERwGdSlN9s9cg5
InferiorExchange5446,E2U2MNE6SgHwL8G
BlandPatrimony9,CZckfcyYmWdhFKSUvI
StingyAnalgesia5,LCoxGutIY2
AliveAnesthesiologist956,OjGly348tdTG
GroundedSurgeon307,47gCwDmkbsVGdx3
KaleidoscopicCarp394,U3KNUMFUytRHS1
GlumDepth6,h6JqAZ9norcjjhURTBw
SurprisedWeedkiller2340,GvDH02
HopefulTerrarium8073,gWtnKq
EuphoricPatrimony2598,RztDYkaXox3
FlippantGodparent12,DjNA4PAbuo23TyU2jHU7
SlowShampoo,yAFjsrGwYocMishbIY
SaltyRaid6680,U3UPEwatC91EBegrxka
KindlyNerve04,pIA0EIFjk4sQlcTcF6
LoneError83,BqxTy77Oh
DecentCheckbook,Ee0mWy98id
TruthfulTouch,f9TNmbwA1Ntk7IN
SecondaryTerm3,EL2XVxsDMM6x5ef10sv0
JumpyDistortion9169,OuezifvR1
ScientificKamikaze4,MvcusRrVzIHmz3RRy
BlueDome61,RMhcl5SW
WindyEuphonium173,3xPRFJ0h8LGTwkXk
StarryAnt4679,yfm7UPSkSgEVS1IV6qom
UnluckyMime,qSITFJSueTGcE
BrokenEnd,YXyiHgIo7
VitalSignature5696,tOGNPWuNl1O
SimilarRaft2,IphwN5HhHLge5xBoUx
BaggyWarm-Up537,0Wd2Ny
StarryDish6,Q2497O
BoringPick971,jNzSdCG2AGbnaL
PrudentPerpendicular785,zYoFwb9RmlAyBJ
BonySupervision177,qYdY9y3XxY
DismalPersimmon758,EFeggcSfCZRNEG7f
GoodPost020,JDolml8I
ReliableSoybean339,xji3uZ2f00gO
LightFool188,7BxRD6MLtOuZrk
ConfusedTune933,YCfAqH
TremendousPoem,Luzg4g4zpUtiudlaS3F
BlankNormalisation4,7qcf62HnzgCcs0
IdealisticReputation8,cYMOeH
GloomyTransportation,QMW6jMWq7VwmNGka6Cw
GrippingLamp53,LkIXT1Lf7Z
WindingSavory,wwo7WKptuKPs9xF4ihKI
ThreadbareOat7,p2zy59WET
BareDeparture385,g8KlUls9RpuC
TemptingBeet,2stS1jbhHx
DearVitamin,DAG4PoPtPsZwhRWgvb
JudiciousRenaissance2285,CcMlLomUGcmoolCJdxyl
SizzlingWindscreen0,zo2qIKf8Dgq6
ChiefCabana,PrmVqg
IlliterateSexuality10,Rx39ATlB
GiddyWebsite7831,QHcfqvRXTxWLM
ImperfectGasoline9,deklKC38pQ
RewardingDelay,Jc37URCVTMbfOySiUeU
EuphoricCraftsman64,uzVNzO
FlickeringFate8196,x5jkqChpdOu8XOsM
DiscreteRunning5,0gjOnIS4b0
ProductivePlatform3,YEWrvecA
ImportantRecruit,iWohMxrvD41sAd3L
SugaryDoorknob1,5qdnV7
LavishGazebo945,OCI6ljvHs4mLws
BreakableEmbarrassment,dr1kGqwfRco6Ob
ShabbyTarragon607,rspAjd34YhL4SDw47wt
ImaginaryNougat21,OSN3sfnD
UpsetHomosexuality90,3UosQu3uiZizfPB
CourageousDime39,N8d1mjlz
ConsciousControl7,OttopyqxX8ZYuVpz
PoisedAssembly701,7K6mzngYs
LargeFlugelhorn0,8pAub4hdjDf
WorthyStrobe25,N5YZX9Qh
ThirdGlobe146,3FufSa225o
GrowingOptimal0144,OT9eeoQkNnLN
OurPusher,zab6pYOOXeo8p4
WorstBikini6092,cT7u84hAxvkVN1hh0
LuxuriousFace9,UP4zdhx
SophisticatedGuide,pMSaCoqstH3l
ActualGym911,7FFjpoX1LJ
CrookedProduct,rxaKGDkpKY
TwinRiot,jN7XXv7B2dK
PaleVariety,oiMN0D9yqD6o0qlk0
RashWetsuit9,ncMt2QydOb1ny
WebbedSolvency4,9gzoZo
InterestingRecreation24,dgGOchO1THGFCvajjgl6
PiercingTop-Hat3141,fXM9aam
ClassicClosure4,gfJbi9p
UniqueSalsa4,24wiECN9SbpTk3U9
DownrightAppropriation173,vVDy0r
GrayLake5956,rVRhT6
EcstaticScarf7722,WA0MvTUD2EzXYMBe
BulkyHedgehog341,CghvjuwIDC4Y3
OptimisticHowitzer355,yRfQVHaq9c8BOaN
JumpySkullduggery,4Gm6Asgf6nGkh7PK0s
CarefreeBloom2,MajMozDOdDRfAZVl7F
DisastrousTensor5,fDQrbRzkXMrzPp9pG
GiganticPoignance011,AdBYp8klL8fP
BlindCalorie5,Hvt7lLVgWhcuXZxtCJl
RepentantStep-Aunt,qULauvY
InferiorCanoe,EbxQKRSUIRY
KnobbyLantern4,71hVqhdh
YummyProtocol558,V7cyCUXpO
AgreeableRehospitalisation166,K6v5vPQg
VelvetyGraphic572,gagjpVj1jf
PrudentAir8,H4mRHxcoUkUiARdjXP2
EllipticalMeme61,JdRg8px6gJshv9XfK
InstructiveBagel04,XJpzJEn
LightBlue628,TLGqB0QUTpHG
DecisiveElm720,F4Er1i5fS8LsC
MysteriousLoop256,NlLOjEX99JTDzXWMs6Ck
QuaintCube,eZoBRFRcudjK
WornGingerbread,W1kEotMsAjfmNTLLT
Well-GroomedArch-Rival,FcqNr89Ty2i
TreasuredVolleyball,pKJGwzaFEn5Nen0O
GruesomeAssociate6,oFXRo9unIrN3jRyRjE
UtterWifi69,Ikqzc1
SoreBayou9899,9utZsdQvceEJX
ComposedPosterior1736,1knAQDC7J
UnwittingTrachoma7,tKmhGx2tQu
LuckyWorker,DQyh02
MurkyAppliance227,TuzEV8
CleanHavoc1,mfgSth1F1FoyUIaPkXxS
DisgustingHaircut67,asUwLc7ag3PTHr
PitifulSubset2881,vqGTvud9eUgtS7DJMRu
LustrousRestoration,oyA5MsZV
VariableSpud1763,CccAMFHism6rNEu1
SafeZephyr8063,rUnLj5
FrillyRecollection3612,m2dVipCAmBcYj
WhimsicalCatalyst0,CRwGs8mPEHZmTa04g4A
DismalDeclination1447,9AreTyHxes5bN
EnragedIcy26,r9ti0I2VGyUQOG2ltp
RichDouble9295,Ew88OUxbEt
IncompleteCustom4,6bConekj6bo9SwIv
AccurateNavigation1,LBeOJjLM
ElegantTriumph335,x9sOSMjvX
CompleteAvocado958,7ny4GRfKD6npTpv
Happy-Go-LuckyFashion23,bZJWUilyq7AqZ3nAmb
PoshAnise142,Xf6LeNIqyx
MistyWingman8,58PWniN
FrighteningSavior3157,1IZW9tP
TimelyLap6,LHTUniJctk2sR0
DirectChipmunk81,kLnmurrnUDKxBmV
RemarkableMortise,ro0wLhHKH
ThoroughFerret0332,5rBFBVlve
DifficultPentagon,l30nNoEAhpoXYtIWvNM
JealousRailing4,laWInGTdPXiQl9rszH
AcceptableEmphasis1284,H4psIcgXjaSq13rI2c6
GoldenFibrosis5588,PCND7ArYEsS4nuw6tuVX
RepentantCorporal804,U4FDbowrSWVmuqGfcD
YoungTask9,lnErc2WvVcSb
LoyalPrior094,5lhbSdJMPSmnC
TartBeam8,RvaDx99tpLLK3
KnowledgeableHappening,p92ldJaz5jAxU
PiercingCartoon25,KhrJZ3uQQzrQ
UntriedCube14,xjNpEartZ0U587FL3wh5
UntriedDinner6,qSvQbDReqDIxibB
AttachedDiploma,6XQwvczXyH0zhWSN
QuixoticDisdain984,y17TVZ3LQ6u
RareStanding9024,DdGhpakXS1K9h7Al
SadMultimedia897,ntqubwcUGXPi93Rp3T
AnxiousNurture3593,o4qaPUDzWXcXDJGzK9
GlossyDevelopment2311,UQ3L3LD6m5
WeeklyDefeat5358,DtjgMV
TenderTension641,gDaGnZjF3PG30ME3c3
CraftyConvention264,tDm2WpbwE43c2
NoisyFencing399,Db0Zyq
WhiteSunday7,edAG7L1UheYhkzA5eJ1
VillainousAuditorium,W5sdx52YU0yQ
SpeedyInternet8940,shvsTY0u
AuthorizedFramework8,98tqxTUB
HappyYin561,5iHc2g6gfw8XaLbx9
UnusedIsolation6,Y5kGMLt
CleanCoffee6985,j18hujgibiV
ActiveHomicide901,WimWw76
TanKangaroo833,yZWmLYBx0h6YtoyvhL
UprightEra,y031sQV
SecondaryTorte128,cl9rFzQD
BrightRhinoceros895,Njlg0R
TheseSunshine5601,xcoV4q5YvF
DefiniteBurglar55,78LVL4huoE
GrimOccurrence7400,0Pz7T4bYh
QuerulousDamn21,5g9fTUaSbyIojo
FearfulPinecone1746,tEkjNAedaDY
QueasyFailure7,JEEsCNy
DraftyPrincipal8225,92xCJ7SyBUknPDp0rLDH
IdolizedCabana,poNMRV7
FrugalCompost29,bYomQYDu0dMEFCu2
NarrowPoppy,K746AzCNrS
EveryRestoration99,kdDUdt
BoringAnalogy05,OHFhueSmu
NotedCappuccino956,awvPxfpoy04sA
SupportiveRecapitulation0,YP4soUm7cZjawg
VillainousUnderneath,NcPNNDEL
WarpedMorning961,KCw2ooFAcn5JF8kniN
GrouchyFibrosis497,E0PSmGTXbuE06U5oTfAz
HumbleDragster,3V2U505zL6
RightLobby7769,DF4QnpmGiGYZm
AliveGall-Bladder35,iXmTkFuJQ8g
NeatBow,1VxoFfFVT5rKvmw61t
DelightfulHostel,7k02QNTl
YawningSnorer3975,sR2Tp5TnNf
SociableRealization808,2FWmTB3e3vLv6rAFfzS
AmusedGravitas33,bt0eDPBTSLZ
EmbellishedJumper0,91EtyPYePVbjuZS
FickleGaffe5,AilE9KCDT8vnhV6h2cI
FreshCounsel65,ao38crKPwnuEHR16
FunctionalDate9424,YhJkOIiWjk9peEIm
Happy-Go-LuckyCommunist,LL8wOBaqLYM
AnguishedSeat21,s31rfp0v
PerfectArray2,GIqmq5a
GrotesqueBackburn8150,e3PlOVPf
Ill-InformedBamboo0,WwyYq34dd5E
CumbersomeGrasp350,6L07YBpC
LopsidedAccountability60,lKRd05kOZBA4hJaR
HighTransition4327,A0lV3kiBvdd8vAc1Sr6
OfficialHandicap,O599aRKvQXA
Long-TermSmoking3042,LTrDyaG0DAtbsVZ
ScratchyDresser82,Cof3cn8HdHvO
DrearyBran8,hjWMVfcZiAR
ConventionalGastronomy594,HDate1s
FirmIssue6,Ouq1JrjaRJSrfT5PW
YouthfulInverse6216,BpsKrlRnta
HilariousSalute,8OuLkXyo2d9pX9MnYn
CulturedMansard033,m5DH6Um
WateryTextbook4,PYshMwKAR
CautiousHeartache7631,pIHryfes4v3tlPbO
ArtisticFavorite7242,VFW3tRoiz73D
CircularThousand3954,WqBBk22Lo2
CrazyRebellion399,Se2yfqha8eEZRy43VC
LongVisor,eU5Xb3PcVTlqut4K0
AnyFilly29,kn4Jv501lkSUn
RealisticInsert48,isdvQPLiIWoFoA
LimpGallon1,3uqVWLEJYhT8DbrW1q
RareSmolt5953,gtW7qgGTKV
QuietSpelt,9zfWRO8s4mHMM8C6
DisfiguredMotion7,CM7QRq94DnwCOiMUetW
TameSpread61,JZB5bK9xHUXR8Dub
EvergreenEgg1042,7cwxBNPkmVoy97l9sPa
ImpassionedMagazine86,xK719tpbSEy3H3hgt
HealthyIdea75,iOxq3JvEEKF
BouncyStep-Grandmother,DToYnEe
VoluminousCoach838,FQ0Akxt5gsbm0Y4V
LividSocialism,WpNdgaL32id
JointRack5,Gfu851D2WvrBQclQy
PlasticSexuality8834,kog51hzaMtYqJ8X4l8K
Quick-WittedExpression26,yIr3Wq43vks2RS
SoftExecutor5,j0fdQpAoQFj325
SuburbanMaggot,PScGfTaop655nDQ
WarmheartedDemocrat,vDhFN3l
ParchedSeparation287,zKFoZQi
QuizzicalDulcimer1,Ov1v6yfc
ActiveTeepee38,IP4gkQ6wjY6C
AgileAlligator965,yDJ9AOvBTiMUi
UnlinedVane7012,RxZq0K0q6VWsv
HummingWink,MLcqMwVVNzQF
TornBicycle4,Q884OZeWbnr0X0rkj
Self-AssuredCharger52,pILK1P
MysteriousGambling92,CrkThvSckgT1v
PlasticDamage40,w1U6rt8qgWw
BurdensomeHesitation026,3q0xpVlRiUaxI
MiserlyCharacterization,PS1h43FJL
AuthorizedLatitude05,avcY0roO8Wr00a6y2WUZ
KindLeaker0,oaFmDfWsA302vLdD
JudiciousPince-Nez,v9HNJP8327eq9JSZ
BreakableAppellation628,9j0y9mVOAUCpvCCBg07
DeafeningBuckwheat20,OePagTmlvsw830WJ
FrillyPrint0551,vywETd
StaleSewer,GzDsH9UtVGp6s
Ill-InformedPrice70,wbhoLuYcE8bZLDcjwZ
SizzlingIncrease209,DNBOJjorGdAHbbjOM
ClassicWhale62,N4Y1mygkYesW1o5
InnocentPtarmigan5,casnyYdJxdeAH
Sure-FootedBrush917,t2E6kWN8
CrispOccasion1,gPASWOOPkOI8
BigVisual45,SJin2zFasy
InternalLocal,86xorOFf1jd4lQ9
OpulentAntecedent298,cZQQMKAA5GFSZ02OK
TepidVictim439,4CTsmbNsUnyPIx
ExcitableJoy686,9n25tMGDeQ0
DizzyHost8243,CQzs4mb
FarawayChoir,AARxsxKWhn
UnderstatedEntrepreneur68,TYwNjM
PunyBase7,w392xzyniH
HonoredSchool9,xmA1TlDWZTQu2Y0mq97
MotionlessDud5,mw5zHQaQa5WVwaX
RegalSimilarity3341,Rri9qtAMd8B8CxE
HorriblePenalty,EaV5e9kW6PrFLPQxf
OurCompliment3243,w5j8vdkAyg5GwKe
DroopyOsmosis,AAn6GWcx
HiddenInsight,83VDETFb8wO5Zeg1xpys
UnitedLeprosy,0STFNUrtdda4
EssentialClass475,NWrA9XQPEFlcsW
HonestStyle0167,je1rYhH
ExperiencedJeweller,o57SOMuiPlQJI
ExperiencedIndustrialization76,37Ghce2fdXqjiZtOK
GrandSalesman5623,4cFQ5lo76wDQ4qSvO
WetCut1,R67Haqzt
GiantFramework97,Z9p0QEvMl
GiantPint8,CfWQLyoGVnpdJP17
SkeletalScrim7074,mOInFbkz
MessyJoey1,RQbZpGhsnM0Gr
FrailRug,M5EGCAbmvSk
GravePlaster3,rk5vdN1N4KqcCCRUz
VigilantAnesthesiologist7,n1Qdrmkayme
PreciousThought7504,V844yhBKRB4orVAS
DenseViability5,RNC0MMYKFa
Well-MadeShelter176,h0UEg3Fm7M7S2H
PricklyStrap723,lpKWSqp
GentleMarksman5917,H4LRxGn2OnolQENcM
UnfinishedDedication8,TV60A1fiwKrOGP
VividBurrow4,hPpm8zUa0pwW
GreatFix90,slGrIZDWnrKFkES7
HeavenlyGuilty419,48yzQFF03QXVD
IdealisticLady189,Y6kALBDVWFSj8QJ
ElementaryGradient00,xZnjZl5KSnR
SociableCuticle99,jhba9CH2A
FlawlessBaseball6,kgRRnV2CjI2JM
CalmMemo17,IYKFegxF2rKAuywS
SugaryCodpiece,M80zkY
DelayedChest196,nmUpPSPE
ColorfulArmy34,1pHD3YVwzhH
SoftWhistle97,diqSwx7TabQLNIE
UpbeatVase82,mmusj1hiKuJJQf
SlowDeficit1,BPT5bxU2
MortifiedPlenty0,RomwIrrh
AdventurousMarkup3,f2w9W3j7KRDwCg4x
YouthfulSpoon3218,gEKVR1lT8bdolkld
CarefulReader2,yXpBQxfMpNRU60SgHzk
BoldSecretariat12,XdiejjKLH
PhysicalVisual6,oDEInjFWrObGVwNv
MixedDriver7,ThIRXIcyTS3E9yxw
MeaslyCompetition9,8JKD4kW5tDhLQ8NoVD
RuddyHaste068,hRZi6WLcstVlXuq
DopeyDiary3,UeQH5t8vudu
SickSuperiority750,UrgNyUATwGqTc
Well-MadeClapboard2864,cmxPk9M1QBa95ASPEG
AcclaimedLashes0799,dWcf30rDgB9IvV3AQM2
PointedDigger5,YzptsrsLSdqVkTyhfMgX
ThoughtfulExcellence,qut8CPsH1hT2b8C
AcrobaticPlacement9,pjwqW6O9HeIJWyyplR
AccomplishedDoctrine8,q5DEO0YlZ0hjfeP
SimpleNorth7,AhcCZn
AdventurousBelfry0,DT94NS
BlondMovie618,oxI2tqetmc7VzzPOcMSJ
SplendidStyling66,IHfFIiay
GlassWillow5064,1DdMAMWODnb
UnitedTrait585,JmhXctoPWTWaI4Cn
SturdyLandmine,oMZAq7PVNSq0FMzN
VengefulQuest,DDdVoKwLV5Lwo5VZkE
WaterloggedCohesion7,UBgWKmqA5d1M4mT5
ImpracticalAffair8245,xHmvI3Jgwiwp1ngp
WillingParagraph86,aLFJjh2BH
InterestingVillage,N0jDj4BEtjY
RegalPinkie650,gWCAdkX5
StrikingIncision4,dCIdaRsMjIRFECg
AdorableWombat6743,hgoViCArNUatTf
SkinnyWire,k1ZaItdvG3s3
EmbarrassedCarpet1035,w6O4814cywYe8Pf2hDG6
EuphoricSepticaemia822,CCMoneFKlWeYCq05Tk
BuoyantBuying63,2dpNZh5qtvdmv
InfatuatedLycra72,OoVQPXG3kr8xAsCB8XPM
TotalEaves4,jdWcuaa26xDTAd9yhGdH
ArtisticRake,ibU8ZPJyN7FtICINIvXk
UtilizedReservoir721,sqUWwcJ017RNm7
AgreeableStandardization4,N7NmcbVPsC5JxJ
EdibleCredenza7,Jf6OLWIg7x5WvL
BelatedManiac12,JoPlc4
RowdyCloth,WDShVxe
MountainousAnybody,Srzb9wpycNikyhic
SimpleUniformity35,ICMhQrOTVee73OAp
WryAddress055,VZlVQk5GST0xj
Bite-SizedFarrow65,LXE01gR04d4DkGTRMq
RawKangaroo31,LFfSU9lHiOeaGt
GiddyColor7980,95OAO0VC
ScaredCourthouse32,OXYQB3rmMsKatSXhsTI
ZigzagChug9,GLTFUu0qkp
ShimmeringAtmosphere0,kWZVNvNwuWIdxt6nYB0
QuarrelsomeCurd9,EJ6cF5VZ6KqqmL05
BlaringScope,p6xMI0tFVlPvA7rZQ
DeficientUsage8,z2LTub4s
AgedFen,UwfEzSfyUTtddwqZ2
GlassAmusement2204,yExVpNnLzCkSv5nFbF59
CrushingPerfection,rdztoY
OutgoingPassing60,12VSz47eXrFIykNalX
MinorSorrow32,LQRc9XxqHOIxxL
MulticoloredFig,OZMlQxWy
RottenSilk,36ynJH2Gi1wDy5jjSnGB
FailingWeekender7393,qZI3YCPX04MmP
OutlandishVerve287,I0B9WCpxIVTeTmM
DutifulInteraction637,PGZqvQOwlwXclMWqnpRI
PinkSubtitle06,B79aRMljD2W8IUX
SmugWaveform9,hW0ytsXESidIzTACrpW3
WillingProsperity6641,Mta0P3W74mkS1G
DotingAdmire75,N6QF51yQ5rb
ExoticEthyl,UzJR1y
ThriftyGallon7,P0ybmvnr4AfY
EnormousLeft6751,YZCaQVnEEsrboOl
ElectricAppointment,4DG6p5mRmL
TrivialDemand4,5Fp5ZZ7QbIDnPXAt
VagueHeight659,1cxcU80eyM7716EOVItk
PreciousPimp7641,Xpn62UiWQLycod
SpiritedCeramic2316,V0Ga7kzosHfPXMaXfUmk
RashPepper653,3owuBP6qkciEwTmtl5l9
UnderstatedAquifer915,8C1jFDOIa
MeanPlate3225,ycQYRfWCB1HXGke
CluelessConduct60,wilI6PBeKILBmUudp
IndolentPassion,a81zH1OGf
ColorfulNaturalisation46,6SbCbmFasOhoXiQZ
HealthyScarf6,NNwQkvFF0UN05Pb
DroopyArgument017,KhyY0dXjDdFT
UnequaledTreaty82,IkhNDmbSpsh3
RealisticCaution035,YXofJX9koLfVhT
SurprisedBeam9,o06j3d7hF3C6CC
RedDibble4,g9RHWtd6EJcWwAD
ImperturbableFather-In-Law6861,7J3erV764etEiyG4
FrizzyViolin965,S0UDaS
InfatuatedLay673,lJrN2nwPFF9TLfkeeLB
SoreTensor17,IlAufSvJkK
Bite-SizedBirth4638,Hbh4JE1
LargeUpward024,RGWse1g1e
RedGeometry9,NmqUNn96AU2IBC4at9
ElegantObject0354,GyZJtheOnEAoupo
DelectableHarbour4272,tAOWWLNbs7wDB3
OddLittleneck0045,IIyxxbL61gO0eP
ActiveCope9,UptueDFq4
BlackTenor964,vcFsrXhNpoT
ChiefSpreadsheet,SXoqGTbF
TangibleCrystal63,oslYHfz
OrganicStrand,wYfhIV5
LinedPuddle5662,uuYSl5Fwb78tyFm
QuirkyWrong26,2p50tDkL2tMJpwdIoSP
DeliriousMale61,ftcKv5WC9NQSIdBsgz9L
HumiliatingRecipe746,XBOuMYD2Ck4
FunnyGrade339,QXoW0Rln
UltimateWaist,bYBEs4
CoarseNexus8651,0lwe7owP3C81
GuiltyDoing88,Eu8w66eszK
YearlyJumper3,aN6VjGWXX4Sl
AwfulIngredient460,EPvZEwH
ComposedNut5,jCyBMRH2VeLVoJnnc
IgnorantChug09,bcTZ0jec
SpanishMaid9,b1Icr5hepGm8hh8hmn6
OblongHull5912,3DZnkZVlEgnnMUKn5p
TenderAdvertising493,EytbNHhClFU
QuaintCarabao2212,oVVjLNERVWdwpn
BlueEarplug608,rCJFft1H80
DirtyFarmer9246,vGzVoj0NQyZ
ImprobableLawn,1k7yXGSPOkL
SphericalCheetah74,9QMthhrjWbsvRy8
TroubledStrife9,Sk1xYK76PQixEAH07RWr
NuttySoup2468,H11HzELQbU1ltv0UgE5p
ScholarlyMixture342,vVjysamKbKiQwnlk7U
AgonizingMargin43,Gb1LUpMuD5bku9L0C8
UnderstatedMin72,9mfKyoh
QuixoticCaramel514,aipzeosrjJVzJ0xnnk
PossibleCurio3,9E6gzVyZ
UselessLye104,xpJFHaKIyJzuozc
ShoddyTiming53,dQZuB7nP9pYrKDZ
PureAcetate,hOKoaA
CultivatedEndorsement9575,r5EpXJLl
AdvancedDefender,SG8vBze0y24Dpl8gv
UnequaledInstant0410,PUNfuoxxEb
OfficialHatchet6,JnCI2TP
ShadyBoxspring,2S9xAhPUKJYlJ
PowerfulHavoc0,EaWkGvv
AltruisticMonitor59,tofjY9milIO
LoudConcern404,bDKHNqTjmXGVKSfN
GrayPronunciation753,ZHPtnhYvkpS
AdmiredDisclosure,9muOcaHXlO6Yz1syPT
SeriousConnection7,7j5dhv21repsASV
AdmirableGrandfather2992,AmhfW859F7nZzs4Lw59
ImmenseInterval6684,Wjd3zf9
YouthfulMineral03,RenMSAdpDhuhRZ2WQx53
ComplexIntegration4,Wk24bgSHomUkW8z5ru7b
Well-To-DoCurriculum742,Ge15YZlQjiF
SquigglyCommitment73,eG8YdrlfycT
SandyTankful461,H8rfVRCDbg
IgnorantSlate03,UvZctS
ConsiderateFocus9075,f3V0zHuoZa
RapidLicensing,X3d3lz
Extra-LargeWing966,CxrUIdpgO0aF
GreatRuin,qnoGY6E4PcGW
NocturnalBomb,9400RL5nTf6XFfal5
KaleidoscopicCompassionate,pMQcuyH6WAhx0jv3bYn
AlertForearm9387,dgdzLmZJ
MonumentalWorkforce16,7nfnzSRIwg
VibrantSaw5703,ipa0AedC
WickedClimate68,avTkPAc0IMtohVWxwRZ7
EminentFinal738,VaUze6LfewaW
NauticalGuideline2714,di1lKqz4u4IX0V
DefinitiveCulvert4678,eUFILynb6Jlg9EsYRX
WarpedRaspberry52,Z8wppHSc207eKeO5Je3
RarePlot846,oobVPLdi
GloriousStack7,TDeotTyiP61QW
TeemingPantry00,MAZKbqMVbKhan
HiddenReturn,Z9eXX4yYIlItxl2IYt
PeriodicSweatshop80,NbERG3my9uYAL4s
UnwieldyMouser292,mkiovq
LividLymphocyte2411,WAynMsRVu538an6
BareSkin6,Svza1Y5QKzawdWZZRjiq
AntiqueHammock750,dO2cbPhJky0SCCDQHRnM
UnknownProperty647,WyueW0kA
HonoredUpper5087,TsfyCWr
LovelyNibble,jVdAxR5QCKmFtJmOB
Self-ReliantDatabase935,8vdsvXhK
StrongAdmission9533,4Zo2EVj1Wp4XgDUYtk2
ExcellentMaintainer6,mQ4BEY3ert5KeLQ9IFFe
DirtyHovel8,MNtZMWXimbLz
BrilliantHalf-Sister08,dGzmy2DKdd7mxB61Yq
InsubstantialInvestor52,Pj0vzIg
IdealGuilt,gNVzMD
ExcitedRace93,wg1U0RtaC2p0D
ThoroughBreakfast0630,D8QSDgn64Xek3srOp
IntentAttendant0596,KcCZHvvySNh7NpW
BossyCarpenter4,RNS1wl4ujArudWav
GreenFront,kKpp1QA
ConsiderateBlowgun97,wr04QKARgNwAZ2HlxuCv
WeirdSection69,pQJW7GBercOfZO
PastCenotaph9815,Zqs0Q04ow
CulturedCare1,JUErN6uZEHVDcw
DizzyConsignment55,gkx6cXviDgbaAdps4L
FelineSnowstorm251,5sooNTeK7S8p
PastelWeekend9,qexFVI
EdiblePetticoat859,zzXHgWwYQfSXE
ScarcePaintwork03,lN9hGv
LuckyFailure9,hn0xfnNI
LavishSupplement7,9oL6UlVHnMhNtM50
AverageBalloon7544,Kg6IlmYjQ
RoastedPhone9,YfoZ4kyOzFIm2D3rn
ShyGall-Bladder4,l02YibmPRzEX
TotalInstance,QxvqeRzpkGA
IncompleteCommuter4,GVZTJgiST7
AdorableClinic7,hUVyr9
WingedPith912,ixawUoT
VariableBirth84,UaaAo45tDIRtlwt5fC
RepulsiveFraud38,F97nWzTBWFQy
InsubstantialPlayroom5998,gDJWtzd
IckyFight6669,IlSppsWdEIxtdbF
SpiritedIntention7,QCNgl1EU2e
ExcitableDaffodil85,vUAk7PwgjNYK0tj
IndolentTackle,jutsDr
Hard-To-FindSpotlight020,QMANmUkB
IckyKingfish6971,ej2U6FgPLvrFxA10XM
ElderlyRocker60,bofIeMt
Well-To-DoReference7079,Vb9klEnFpROYbJLbQDk
PerkyWalrus5,DvwmQibB2Fi2ps
UtilizedAnesthesiologist245,zz82ihociULYzHBd7LGp
OriginalCloakroom2803,N3lNDK22f
DownrightRumor623,1OqTs7ops9KNEDj37
PriceyNylon606,JHVw3VOnhb75JSn
StylishWorkforce04,7OiNEa
ContentShopper824,CCXznHJ1e3
FussyMarketplace964,OiaSna7ihHRP8Yy0
Well-InformedDegree7741,Df26o9vaT
WildThought663,HmloXX0V5yzTyJZVNQ7
ToughSpume2,hO9yH79mI
GracefulRobe,v44wgmIpHaJru9F5q
SociableAcorn2725,QWoy7bRxgSnKlaM
MonumentalReunion3361,PdxAmuMZWTSxRvk
VariableSchizophrenic3,vX9pxBvKdIVv41L
PersonalMeander9,BmDZFeGD8JVZd5BXln
BigMozzarella0,8kgnkfY1BmSMY
SeparateCormorant0,pBKlMEjFkHgov
DependableIndividual3,MfWE3mDxG
GloriousVaulting6,8h7ZTctZIw8ZrvpbEw
WeakManatee6,PPybTtd01vBLCY
PersonalCatcher9,UrG0sNU8
OrganicMantel,4rBwH4ekxvkC5uSgN
EcstaticSalmon,xTwYEK23Xdh0KyOVWhzD
WorldlyHassock4280,L7Ru8CW6ZvAOKxIDTho
TrickyRain9,jF9UWVNvu
FlawedHay7,W1f5JyxwWkysMFB
ClosedIrrigation24,8iraEzKjagAaTSN
PassionateHeadline5639,tERVrPDZVqJf
HarmlessNightmare2,Bi3cWXU5AB1
VigorousConcrete3,YcfSQkN0qrqZdzW
MildTough-Guy3,uxQsJKpFYcBTF9Xo
PlainMeme398,ifjUhjNNy8gv8d
TremendousPlover3145,AlHD7qwwEGiD
AdvancedBrilliant8746,nXJr9FNjF2ZjVjyITzN
AuthenticWedding9,OPmKKfI5hLby0mkwzhG
ParallelRunaway5,m294oWyiis159tLzI8L
AttentiveAnswer,NAH9Exp779cj4aw
CautiousProgramme998,adXuhJ7xE
AggravatingLashes36,t5vN9Lo1qu4Q
WickedMaiden,0SPA7Dd81a69HCLgskwd
UnwieldyJellybeans,tgghz1
QuietLeather61,fAWs0hO5MyY3ad7gX5
MonstrousChoosing0,bjbn8FRmdShZfDT
BlackSustainment63,iN3DNV1RyMBsyl
DependentLuggage,ADOXh3JYe
ScornfulDistributor0,c48B93DRWaHlEsU7F
OddPoll37,KVe294UFakE
VastPalace219,K2u9mzdKp0NBWlU
SmartAutomation118,LsdQgl15
CylindricalHonoree,1hsYZhQc4
MealyPassing5,lNb5ZZ
WiryFir587,eKNIxfGdltl59ny
ReliableSheep744,nIcK0p
RustyHide,yaS8VzETn4
NimbleBurglar704,TWk8jK7WOBh4oY
TepidSleet,02ADNojMsoC1vSe
EmbellishedPaddle,TfpnhWcWs2BsVtp
FormalStaircase905,eTjgZYHifWOM
UnfoldedGumshoe6,WtWfo5RUDLvaRa
CompetentVanadyl86,2eGggX4ierD0HF6vk4B
FrayedPanty745,dCHaEUofj
FuzzyNeedle55,ZW1t2iIZo9NwUWp
CookedForeigner9772,eIhgjESXZ5c2QXRdz
WanDerrick187,gnNDKTsnaHt9mCsx0KET
LuminousSonnet,qbSrtgo
GreedyBait9937,5fpwn4dXl8ld9
SeveralSleuth138,YMqIre0DaO
ProbableCofactor7,MeumAw1k91veHQxkS
ExpensiveFilth5283,ezPiPpAWY9VzPYx8e0
VirtuousResistance2204,TYXKOgjF5Vr
RoyalKielbasa7645,dUZytNnHuX2r2
WorriedAlpha100,iGomEnZ2eHiAgSwRGoY
CrushingStrip292,YFuWp2j
ConcreteGondola38,vUwgnYvigs7f1QfWOwK8
SquareOval,di12HTFR
BumpyJewel323,VneBiYrlLUK
OrangeHint,anunNYI4pMM
IrritatingCastle4,aUbw3B9AzWh4T
FlatAttorney6,eTjPTPPNOQYP7te
GrippingParadise108,TxLzATUh78XkkPH
QuaintFlintlock5245,KExwJgzlZ6yH
VeneratedRelay5,Rs6UPN9MYjm5xmx5C4
FilthyCommodity44,csQAtkfEW8B
PeacefulEve,RPENgenhB0J5xIOzx
LuminousShred4,haapz6A
AgedJogging728,sfAP4B2fDVOSr8OvJ
AgreeableAnimal,NXzZ276HDn
GuiltyBroom3040,KqvtbDcXxZ5uOrZDZL4
WindingMoment91,tME7jsSUbVpCHtZ
DarkChipmunk975,SLCdO9rDKkulF
StarchySchizophrenic959,knJBH0yZs3ftOM9yV
SmartBark,mSTzYcO0Q
CalmLapdog,xJ7vF1M0jle
PoliteMotivation,6yOBttRym
ForthrightPeriod5537,EwIjXogJtk
UniqueUnderstanding2,GwJtgSsx23AXIvSG
CriticalPool2718,d5sBXUP8WNNnX
ExtrovertedDolor7214,MHneUhQUQRG1c0JlBR
StrictBandana25,vpcuYRPBF98ZwKpJugNq
RashPeacoat7,v3lrmW8NX48yj2l
MammothPush151,Eq9KFl
FrayedCan,P0rKH4AuD1pMw
BraveProducer19,wxhifyKKGpFOwhmtBUX
EthicalIronclad1672,Hr7REH14rC6GlM
DecimalChildbirth8528,sVtjAigDDD6jqT8z
AnguishedDurian53,rmQrLWnbdGXfh1X
HairyGreenhouse647,rPKDfX9gSM
NoxiousTussle069,8v0qzeVYWv
PettySonnet7953,oWLOybxJGlOkcwXtEy
ReadyKetch16,4TyW4mtfsSLNDha3sP
ClosedSilica,wrlsrU7Piaip
LoathsomeChowder4,OU7fCHP7v
Clear-CutHurt3,AcKGMvLkOrkJKUDjULP
EdibleQuestioner085,YoUk7vpo7P8Mfq
FlusteredChapel8311,3obDG4dCr4gg
ImpressionableSilk,IhBwVVzS8f
FantasticDeposition8882,nxfKcKo7y9cYYJJ
NecessaryWorkshop,rSPcvacWJcZ5
EnergeticGator4,uSDM5Scz1K
EuphoricMattock77,qQkjw3tfMl4IgfNuYTWZ
ThirstyCelebrity38,YDWgBiC61
IncompleteNonconformist37,MvxS2d
MurkyVerdict,gUtRQVFJyKp
RawConflict218,I9Hq1ykUFwu1
WindyEstate32,g6X17bouzaRK
ExcitedSignup065,cFkWNp
ColorlessShakedown102,LTBJtygsRO0bjaKbnk
JubilantAdapter,zoHHSa81thmu8Kf
GoodCliff735,5NNdmUI7z9ZRblFH
QuintessentialIschemia8,MWpHqVzYxrzcaVnYFC8F
MotherlyPrinter0266,fDvNI2uJDwBZ9MIABZ
AutomaticShaker7,vrQtlLCse9608fRQvE9V
SympatheticCure19,1hl7zxAAr
TrimHour9841,c32zDYM
JaggedGoodie365,WynXMzBHuy3nTv8
DemandingInsight4,xz8Rke37puwhNb
FrostySoccer1,dthKdeje4T9gCj7YFT
RaggedBriefly458,1dN9JPwz
VacantLitter103,NM5vXBJy
ShrillLeprosy9,b5QUOfzaN6KIa
HopefulHotdog4586,i4R2dfMXAZMDl
FortunateObedience726,dTL9bU
ForsakenMacrame195,damvGHW5O9CE1
JointTrolley,yQzeOBwXrJ3eUrJ3kqDF
IckyMutation719,223Cg60MJ
ClumsySize763,dS71pTmSiTRA5tSro
LastingTrachoma,lAv6B9QDsPw6STEpY
NeedyPatty,KKjQ5wWVBLy
ShortGarlic617,CEjw58xenx
PartialStove289,bNoFAdEtoE4OsplcIB
WaryBunghole8877,8vhleGX74nhCTzCnW5Et
SpanishReminder798,Tzm9qDSkt5Oxo
DefiantSnorer,5jc9Ua
VigilantLibrary79,wSdk1XsLs6XELuPR
RevolvingBasil,GPe5DsR5F7R484tCd
SpectacularCoffin25,7NU2rBdjINKNUDdFj
SilverWear78,AOOKGTRNfRNm
DaringHomeownership,Mrg4fFExsVoVGWPy
RealisticHandsaw,AqKQR0gGqjFAcdQ0XTh
QuarterlyCicada3,Uyi3nKc2EPV
GiftedCorridor35,5tPUzb9s
QuizzicalBaobab692,2ROXuBRNvWsOIc
PrizeBaggy33,QLik3Z
StickySonnet5710,483lNhtpMkh
MountainousNormalization,ZNOMCAAelU5EdrTS5O8
LoudAbortion,Wb8dIqj63nOP2
GloomySunday54,9TG5Lns5
BlackMeatball89,iO4TZz6FocPLOQ3wb2L
SuperficialTwins4,VxfZSGwrLNPLmnrr0
EuphoricHospitalization884,MDLOwiSyERPf8quVJu
ImpossibleEyebrow13,gPwP0WyzfhhZg
MeaslyRegret9,Froe8TUo23hjxki
AvariciousVegetable3544,LniXbtkmL
ScaredPerpendicular723,8e5Nlj
AffectionateFocus020,q3LvF5eFMCfj1kfFA8D
IcyComplicity52,OAGPTsKmt
GrumpyTournament,MHw0WeEr
VastHavoc513,tc8vwRA5N8Ie
FairSeed350,n5MHVSAb
SwiftMeans733,yn0tVEzrZD75kn3erb
BrownYoke45,B8NYxNvrlKa6gWHa
RevolvingClavier529,wCjk8LhjS7Kr8ZU5ty
PinkCurry30,0fc1hWmjlS
GraciousInfo128,ScNxkhPp3j3p
Second-HandConcentration7,MuYhGPY
VitalPolish439,tWsLpSLi
RoundDetective043,3uZ6MF
ElaborateFunction145,wqum8e6dmyJS56g
OpulentRage86,FouMad1NE30sQI
BrokenSchooner92,yZGSY6
KookyShallows6,928MBATuPy8QVhri
EveryInspiration0215,UgTobcacUFp7F21710
PreciousPersonal9460,ZdiqxowS9
DopeyHobby,t23DX2
SkeletalPatrolling,AeSsprE3c
MedicalMassage0,FJIwllcIHuyky1
Well-InformedAppreciation7080,mRxxX2NS6GJ8mhwUoe
MadVote520,ik4zYhUd8KQ5dh
AshamedAtom3145,B6Y6LzQGYXo
VigorousTheism,JW6sCGd2ZDJje
Jam-PackedManservant8,mKeSekH3sMFO3
FlawlessGastronomy,lOs454YjsFvp
ThunderousToothpick029,w1Bk3FbXFqVofED
Ill-FatedTerrorism0033,tZ1LUOVKzYkReQ
CloudyAccountability94,70BRwOpEw11DbXlHgqvN
TimelyIndividual6,IBNQpbuy2
SophisticatedDefeat,QdLz15sTTkOoG1
SecondaryWoman8,DInEOZE
ObeseLiterate0171,r3ivx4Ing67
JubilantGarment40,9LeOQhCl5emZ1tqlP6
PettyMeander55,XoSdhQL
WarlikeHowitzer55,IdKQTNp82tva7WPz
SwiftCut6040,2tvzwPipbKo44QNeWUfm
IdleConservative,m5p6WwaqV95FteX
PrudentOunce,PnreHdWJdaqxzSS
StarryTravel0999,4G90YT4Ugy
ShrillDrake27,yuPGRqT
FrizzyCobweb39,IAgGtyYJCDh7ku7Jk
BogusWiring5,1qZMh8aMd5od
AstonishingAssignment3,yaxZX7LrhSB
SerpentineBandwidth2983,Fh5h56t
StandardQuestion8206,xvir9qwo
ShowyHeaven2,9jqWiemAmGzDPAfW7fY
UnknownDimension364,RYNAkbt
IllustriousPilgrim56,m1z9pA
LuxuriousRest890,eTmG2qXubW
FineTortellini74,sNs4Oljm
ImpureGrape1,fBTftpiSDTYBaZnM
ElderlyBanyan355,4s5ilKWd29UOmve
PowerfulFringe3479,neY65bTtuF3KU6l
PowerfulCheer,ti6OzdNmEOBBF8Xz7
SentimentalDirndl866,dSer4w
LazyChronograph7966,bP8ow2Uhh7C0281X
ObeseImmigration,GADgWrNCePMpWki
LoudAnarchist9,eWKu1b4P
High-LevelFailure6,fu2qWjdent7W5iSHMt
IncompleteComestible45,tEG0uFizJ7ba
ExaltedSofa,ijbpLawSrV3K
RespectfulCurry153,62EqjctO7eASxw
CircularGather,AgrYjvaC
BackGarb4,pxLX0SNsP0bF
TepidDisdain38,AC4kiN
InfantileGopher69,QOjUq7PC
BreakableSuicide905,pwfSUaSHwcE
CornyCaboose291,cZ36zd5
AgonizingAlloy,WbZOH3j
BetterBoyhood9320,VRMlUGMW8uVrf7lx
YawningStress77,3SxyXsWvvLN17MXmF
IncomparableMozzarella933,th3b2cu0AhMwYWfb0GtF
MellowImbalance,f9SrZqQZQ9D
UnwieldyMusic6949,KIpPgkzHsMTjtog4A21t
PowerlessLemonade323,n5mn4zaQSEDYfje3KqcP
BaggyCricket6305,JtUaH4WDXFs2mDWh7v0k
UnpleasantBond,Taqcvl9945TJZVUB
AvariciousCorral4,yT2srGq
RoastedPounding,ia9c09CL1CMelO7JS0gx
WeepyQuadrant,xoCiqfzLTt1l
TintedSorbet2310,vIuOQx36Etdjc
UnselfishFull4022,urpDwE1Dww5HrJ33Dr1f
GrotesqueMisreading80,Xj6lYt6bD8Xb2Un
ViciousLabour89,a9VHsBxjw1vzq
HomelyStation4,l2ByAocr9q4CakIoHI
SinglePassing5,JRbZd6rix
FakeJeans,e0eBNxYXQi
SophisticatedNoon,PaYivhGz04MJLH3fPzD
ElegantInn99,nWGBgKSqoN6WdbDkCdp
PepperyEspadrille778,uystXVeDSC0YlIaJAbfv
MoistSurname277,oReVXYw5S2Vn
ThreadbareEpoch2,WNGibTgMNr8bmSs9c
StaidGenerosity,NtOPPHXex
EagerThought992,MDPOZnb0nVDjuMD
RawHawk51,0gZDeGCWdgfy
RespectfulDoing9,yUIsDqpv
WholeFascia629,RM5529mRzWmJ2kC
ScaryWorkforce,cH8A63u
RoastedFright790,oPxuhIreWsNd4WpF7u
OldUnderwire363,E3VB61LOfhc
ExtraneousHorseradish5,NqsIPG1Oba
FreshSeeker6,MLvbu6
RespectfulCowboy380,eGHd9hq9Ux
ThriftyLip18,6UmhLzjGObOEmQ9
WeakPanpipe,fOQhAlhqnoCbhiFDXS
CarefreeCasserole515,WqsvNUpbOAWOJdHj9
UtterBurrow611,PzaRbs
DescriptiveConcept9,s0X2YPrU
UselessMonth8317,nyEMWw
BlackWarfare34,z2MjAJX0D2kG
GrizzledPlant1337,EdViw8hulAT1
MeekSyndrome26,32ZlOM1Iw7yPpV
ClutteredSparrow9661,oeOip9HqD4BcUD9kV
ShrillGale,EkooYl2VKsgMWt2DvInL
TameThreat603,e1KipPvy
GrossAxis,IqP7WRTE5skzq
NegligiblePassing7100,jOJTX80y0371HDHLu
GrimCombination,nTCgh5algCTSn6i
PeriodicCollapse549,0mSYz7qlo7nkIYr
HomelyBuddy5,UnObxiEB
SquigglyRouter,0LK6Gankj26bG5W4
AwareTypewriter07,MZe6nY7KjcjxtAnrc
SilkyEpic42,r6Rj7iu
SnoopyRehospitalization2404,JxvHw1
FrugalMud03,ZBthdbA
SinfulCalculator9,afZ2EVGUp4iXgiN5PD
HurtfulConfiguration7910,qWvQIzZuDFI9
UntimelyDoll,beOnE2Y4X5VSz07bZf
PricklyChowder0114,eEPc1s3FgUUl
ImpressionableZiggurat9,VR7BBQxgOo
BreakableZampone534,l5BTyF
UnwittingCocktail46,tqXLa7
ForsakenMecca0591,5Otlh8mYtGc
AfraidLuxury52,ywFAsUaHl
AgreeableFrost6523,AA1zUpaAe
NarrowBough32,JkSvE5g
MundanePorpoise935,JWAXOfuZcogbbtbP8Yst
RoundFiber,eim1z3OGwEAADf
WhoppingFather04,38y7Nuq2sctmS
ConsciousLover5,5ayB3RcH4ZNoACevJ90
CrowdedOption934,UQAGlplAuGjf7Cg1k
WrongSaddle3,WNpsKDbUe
YummyLeprosy7978,sONgLlA11
GuiltyCane0,5Zfjq4vcHx58bmH5MBNq
ThirstyChrome1764,6EY84wpP
OutstandingPause,66IOSJvdQsn
PoisedDearest,47n7kmqgCgFAVzu
MushySupplier6,Kg0rEPQo0IJmOy2I45Nk
AdmiredBack3,mUa6sEfwaJp17qyr
BelatedSnap,Igo3aiPfHgkFygHQ8q
InstructiveLawn,ZbZkOoRd0C
PointlessSaint74,ssqXK0HnGkw1
FatalPicnic6,COx9qMg2DgDfdNvVHsb
UnderstatedPink8402,6mBMwp
AngelicVulture866,hdUFnXBDdxMxIB
WhiteEponym,NFFwYOrVLZltuIqmS
WrathfulMask66,YhNJmNXOUddGhXw1nY
UnripeIris,R4ZaA4SZAlnbnoO9PU
AlivePsychology,k2R9M2cRdX
DeadAttic,8PBtTD1y1z
SimilarTerritory,GjwHxx
HomelyRise603,4L2q0pAtgODTRtn4s88O
StingyGenie1361,ojXK1CMajQoGq
NippyPlantation9445,F09cCsQYSAZZijn
ShamefulE-Reader2934,UboY3MMmj4AcqJvGLfL
EvergreenBaggy2,g0t9XcMnbcL01BTB
AfraidElver0760,HGXlB92m
TeemingRod4851,TORQ45
StandardRaisin6813,yzc9Bob8rlc4J1cFr
SphericalOffer051,PdtPPLgLgku
GrouchyWrapping75,4DicnoVJJ9wxobc1
MotionlessSilk,Qk8RaSZfjbS6
MintyBucket65,hgELXp9HoYlBMEWVTojg
FairFaithful,4bJ1IXlK7gEaZm
PointedThroat,9ZprYN
ProfitableEntree,MUuTJKyMmQ
WearyOctagon,XpLocRKnWJ33eD5LQz
LovelyTentacle4965,khXPOwzj8Z42Kmon
MortifiedOuthouse7,B59CW2O0O8WBDEt
RipeTrigonometry,95VteM895qegoy
FrightenedMotorcycle798,jxQ4XJe7VpjaKxz
SizzlingDeformation2,arFKuuLj
CriminalDulcimer107,xDLGs8
MelodicSalute4,0GBlmf1Zr
BusyHydraulics,HMgVp7keDc9wUV8
AggressiveTrooper,IRXkVt62jKrdtZ
PungentWink8,XhaHfNznJSjzCS7
EcstaticSuggestion771,8KacEfvv9
LovelySill672,5wzHTmv3XmRoH0
GreedyEpoxy,2qRiUJuz
KeenBandanna85,IUl4QvaZCqN
RightKettle9,dbQ9Got90YThZeEKKL2
SweatyCorridor470,Rv7s1lSAa8YCFURS
AfraidCrucifixion97,8uJrUJmZLYrxuJV5AA
SelfishShield03,gSd7aH67
LiquidDestroyer3411,kjXigyDln3HyhqqqXK
LooseWoodland414,4sCyhZ
DoubleMassage747,T3JiuMxS5
AromaticPolliwog880,Bm9MyXcZX3VdC
BarrenPegboard0812,DoWMSh5JnAo
DutifulDarkness477,BWXuflGQNe4x1y
YearlyExpression,J4Er7aYvW
FunctionalRemoval245,FyFe34H0v8KLCeccj
ReadyForever9345,0MpyS1Z
AvariciousGraduation,Aolj1dPJfy
OnlyCelebration15,a7XRVz0VM5
GentleCreationist,KHZ5uxid
AggravatingDispatch8097,YjwGIB6JLW1dshU
MealyFav5722,pu1BRG5WQgTwTHCPJV
PerfectScrewdriver2,ukgiKGqnfYIs3vHT
HorriblePenis166,f8HeUoAN7pRW
IndolentTram,R1ae8YolzML4
DefiantPrison7458,DcjUemgmZAR1iNt
AnxiousNicety1755,Fjv35poLl7mk4Zj7UUx
NovelSanctuary7846,H44rgBeN8FP8a7k
SuspiciousSustainment7,eaJWdKeYcR8de32C5mh
IdenticalWatercress5,hCps2eLhbsf09zG
ImpishFortress80,3iQWtHax15F
PolishedBerry887,ECVtzjCCP0fXKV
IgnorantWetland496,pWO8OmsCYMy
Wide-EyedTestament,1e5mR9EcU
RuralDisposer622,uKV8UwPdRkDK3i
TidyHeater109,LF55auKPveG
RuralBob94,BsbcgTaCasDRC2ZU6P
AdmirableShoreline9,axpPGZL1Glb2kIQSnhNN
ExhaustedTerrarium3,JHd0sMSHdplkKv
NotableRecording,ohYktZcFguS0JgDoAGZ
SharpPartnership,AP6K788Y
TiredTrend837,FJ5Jjhz
DecentTrapezoid425,vChjejBwhVLsO
NastySanctity,vNSfCxNHP5Q
SlimyUnibody2,yjTt9uGBjb
ProfuseInitialise07,PFKZ9AoeAe
PureCulture4492,0BAsSOIn6iIQS1qJg6R
PleasingBarium8,ojjmlQ2CzXJdEMlWR
VagueTrapdoor,rmeHdkIWF1a5mmLY9w
BeneficialTremor,tnBw1V8pBDIwfJGJW
ParallelChicken197,1ywBhZnw
