User-ID,username,password
1,PerkySkylight55,kGhEzUkdwi9Y1S6e
2,ActiveBucket7077,WwrnWoKm9Q
3,ObedientClaw,xM7uami0WUnH9xMcW
4,DistinctRepayment8103,G9R9xDN4
5,UnsightlyType152,9EQb3v0ORB
6,ConstantAmazon2552,kEZhkGM
7,KindheartedGinger66,tlMpcYfiJ
8,NotedFinish97,3BgB3qAm
9,WarmOffice53,Jr4hKvMdNFEU
10,SelfReliantAquifer99,fQJ07Kl
11,TartSac571,NWzW581o8Bv
12,ArcticPinecone,BzDoxGz1zrHtbo5B
13,GlitteringCrocus4,vTXYMWhDSVl
14,FlashySubroutine7,JyzbrFpIEGH
15,DisastrousHunter9,3JHRB9Q561OO
16,ExemplaryComplication4,5Yg4qqr
17,CalmFaith883,WQ28aaX7vsTdC
18,EverlastingTwitter10,J4K4QNXbnMMUK2G
19,OverlookedMidnight6,uqCgZxxy
20,WryStockings81,gxU0IjHlU
21,WarlikeSonnet4,TfvmEtYYH
22,SatisfiedSamovar9,Bb7yRHEaWPdW8vGTc6kC
23,GlisteningPush0,GLDSvWN5UWgQk913
24,WhoppingDiplomacy23,NjB6fQ2l
25,VigorousCarter17,D8z5abR3XRVOriWGVSR
26,VapidCoil00,pcPk3I8qD7zLJs
27,FickleHydrogen,qXcfQO2Dmn
28,RigidRanch56,wLx6QJLHoQIvcqtoE5C
29,CurvyDinosaur042,7hXR4tKj
30,DopeyDiaper2136,3jh9KWwECCCEyLuqv5K
31,RadiantSnowstorm859,sOGUcFsZ1u
32,AbsoluteScratch997,IAx2A1TkqamWTH7AW81e
33,GloomyStand045,8Nvx4vjyTxHi20KgM
34,RadiantLeek6,ToOyHYXrubWiEvlf
35,ConcernedSpleen5851,ZQd9AmIbOE
36,OpenInstruction,Ujm48MH
37,SimplisticCreationism,EI7xY4O6Oo1IlU
38,ExhaustedClergyman7501,ocRFeXP956cWSuIA
39,SecondSalon16,B5IQAcdR
40,LightHelmet679,pFGm6Bn4LbGwCCDy7cu
41,HospitableCompliance5660,izNRZAvbYoT
42,HarmoniousFlume47,pRswFHGZHphXr09w
43,GratefulFarrow,ABHhFvIVc
44,SoreApp9,PY3Ff4TSD0Bqe2
45,LimpingEmpowerment051,DaAF1e1bvEVi9mAh
46,CompleteBody,z6YEM4RmXYSO0O9qwfv
47,LividNuke311,RjR5O6L5YZcr7FZ0d
48,KeySole6,c7dC6qPHFS
49,HoarseEthnicity,ivddzLlCzLFwD2
50,LoudDiabetes268,YWgKgwQDh8
51,PessimisticMillion09,p9gXwKCOgyohbp7k
52,ObedientContrail,pfK5UfteDb
53,AlarmingReset2612,TggMw04q
54,BuoyantIdentity54,9IdZz1RZe
55,BowedLinkage7254,HOj4YU
56,ShrillSmoke28,edutOfhE
57,FrankVintage1795,NPGzhNh572hz7j
58,SmartCoProducer1,56qJUJqLq
59,PrivateReporter6232,WTuPNfGwp1hsTCmMCXEQ
60,BoringCarpeting8042,JGeBcmFBNY3h3g2v
61,CourageousHalt722,ptzyd69xBgMz
62,ShortTermMixture,542Y64AlmJL3IkbMkIF
63,HandmadeFact,WKQTsQ
64,QuixoticAntique2044,gEdyZiu27nJnVQmMgpe
65,PowerfulAnalyst151,oszepM4
66,BoringSkullcap315,6A1vbVeGlCHj6
67,ExtraneousTransfer705,PmzK0yQ
68,FlawedIndustrialization9974,EL7gfcD4uYl9WK05yk
69,WeepyBalance2921,bG7Fy000OZF1Ojmx1
70,WindyDirector0,HrDBtlCv8g
71,UpbeatSong1,zdq8JdmYUa
72,MammothYoungster593,u1sIFa16bljLJ3dJP4
73,DearCrude217,feWQygxCt
74,EminentMarsh7913,iIknGmUEk
75,BigSchool,F3Hr6Q4hBE
76,ConsiderateTomatillo9418,7nMg7BOt4z
77,ImpureBathrobe314,Z0oP3ojBHMdeVmpw
78,JovialCloset8,rJg3bG
79,HideousRun831,Mcqq1BDLMCYDL32YH
80,JitteryEmerald07,eoINt0vCfCXuJtUE
81,LateLimb6,J1yiwH7nIBMWaz12LPbz
82,WildBatting918,IjkM27Ezl0P2IDlqjsc
83,ImaginativeAmbience53,UkZLfZJzkIAw7
84,BusyAppointment0265,ytc4UQANjJ
85,SameCartel,vmUGskbEWLvO
86,OrneryBladder33,xPIwdYj68cIdRcu6uv
87,UntrueTopHat,tgEjT08EUAD3h
88,ColorlessRaid33,6TIp1aMG3Q89
89,PerfumedPost89,mGHYqeMDxI
90,PleasantApp98,zpEPP7s6QgmYl
91,JadedRuby6744,KWONNDL7Ckgb
92,NaughtyStudio52,7G6Tq39XOwHAmNNv
93,UnhealthyWording,AasnE6f2Pi
94,ImperfectButane8346,iCPBvJEaTMjCnql1xCY
95,VeneratedFluke70,vdKwvIMsZHuBc
96,LostBarber4,tZVx76IX7gFKtdqMm0
97,FrankMom82,EQ6PZl2yoz40HjIYH
98,DecimalChocolate,XmXm4yHL83
99,WellGroomedFillet2674,fgQg4jpVuTlg0
100,SlightHumour11,PlmL2xtYuwkUUEf5t
101,MeanTraveler7,O8UB4gY1rxQPM
102,NimblePod,hCXVZtW
103,PureRegionalism,vQi7RKiU81chZ
104,KeyImmigrant86,pgElElBpjw2r9PcsT
105,RemoteSolicitation526,k0iirBiyDM0x
106,FarOffDecline2850,M25jYUmc7gGn711z
107,ImpracticalCastle,jm31YKCkuMaVdGvV1
108,WryStudent97,hHd46iDWv2EyOqN35
109,UnimportantGemsbok39,btcpaJX5lMGLp5baj
110,FrayedFeeding6245,CJl9UYau5Iu7vFaDoK
111,WhiteDiagnosis601,H7uwgvXq38eaCFM
112,MonthlyClove65,0IYqpmkbV8Ir
113,PalatableBourgeoisie,R2r6hOTOAbKmHUlUD
114,PreviousAttenuation5737,GQL9us79zFf
115,BusyTurkey3208,AH6wbWeYEiC0Nk
116,AngelicImprovement976,GO7FbmO
117,WellDocumentedParable4,0ifgjjdB1ZzQvggJNt
118,TanPool5,XfPIokJe
119,ShadyElicit701,6JLO8Yqyv
120,WanDocument48,2id1ymJiYTs9yFct
121,ThirdTherapist1,cPBlUB6FSe7uqCO6tQT
122,DualWetsuit,v5tZEpaeN4
123,WickedDwarf0574,iOi7gNHKV
124,NextPleasure97,bPy8EPHPuEpZsDnxhMGL
125,ShortRunaway4427,jUkvATfGGYTcEKLp8x8A
126,NastyAdoption68,mOUGcSo3c3BX6gZVB8RZ
127,ThatMode3,HmfoS8pbRyxMU4
128,LittleProofReader24,qhrbi4nkywqIbtSXJMPr
129,CelebratedSkiing5713,PNoEMAxWgvKDa0TPU
130,HighCheer58,sFQK9K4BZJDdNR
131,OverlookedRoot783,arNfHpAKzbNDjJv7
132,BrokenContact Lens2882,XuQL8dgNtiB3WRMV6cTO
133,GlamorousNote3069,Nk97m3C
134,UnimportantPen689,U5VuedPpx
135,HairySeal3057,GAK89q8eizKfjNT0JB
136,UnsightlySeaside9422,SbrweA1psNWfR
137,OvalHurdler04,3zODJxGtAW
138,BubblyBanquette40,pH8rLn
139,SupportiveOutset5,PHYdtDlMrIvzJ8
140,OptimisticDining,2vK8abYW
141,FilthyRule5882,qBXeqyL07r
142,PrudentIdentity,IC8r7ZDEeIZtaCC
143,KookyDecongestant6262,w9enUU
144,IllInformedDonation5,Q1EUoxjCOjmkdB
145,TallGrassland01,XnwuCDsS91mHj
146,CarefulBasis481,MrZVXQbbgSA
147,HospitableTsunami6335,rVAdUitJiZ0iG
148,SpitefulPegboard46,70mikZ
149,RotatingRambler,WyYD6Aa1
150,RigidCape9,fPrF2FBYyMsNKDiND
151,LuckySportsman4882,5UOwPyTxu66C6g
152,HappyYolk58,dHMnSaipZcTHjZC2MdFI
153,PrimeYard5,mMORsrfodNjvjv
154,RawTextual6145,y1VjCdhcvPWK8k
155,MeatyOther,qqV4GXRRvF97Lt2
156,BouncyRefuge701,HtzNVETodFrFzzto1ZG
157,ClutteredFlax,pj6nuSRSHagUxQV
158,UnknownJumper,6drt0HLXqU6
159,GeneralZampone4,ml9WpjhM
160,PoorBoysenberry0,DBOcgQ9aJuOVSKRQMGmB
161,VoluminousPassing667,JGQOpiSFrfzxKWS4
162,WeeCluster8147,AQePYPndOsH8egKX8U5f
163,ScratchyCarving073,qxqJKwy6S
164,SingleMax37,U2KYN8HzSD
165,SnappyService1971,QG8vbiE52HL
166,CleverTerrorist069,wdABnFiqJa
167,GreatEffort9,2cEAdpHk7R
168,DescriptiveStatute57,Fs01hxLqmPx9QdltC
169,MammothCourtroom31,sPXktaROH33ji9b5Q8
170,EnormousValentine02,sujC42s3KtSAGV
171,JumpyPatriot280,brMuiQ2leoJ7mx
172,AmbitiousDouble974,gqcFTg57Ku
173,UpbeatTangerine,xiUAUPzvG
174,StormyGuy,zWmLROxx3eW7phFNd4
175,EnragedSign604,BO61ZGChyxzTt7zovp8
176,ThinChaos4880,VRCsn6s6pM
177,ElderlyLiner2,38qfWAKWC
178,RealisticCircle2063,C1GviZpHIXB
179,UnwieldyCatalyst,BleN01jQJCQE4rFETztx
180,BelatedStability,YrQzwVzYtC72D
181,RotatingFog87,DyFQmhfzti0SHb65
182,SwelteringDiamond875,piae1gI4zIFSQ6bXkyX
183,AjarPermission096,3AY67HNEbZV8YO
184,PeacefulCanopy68,RkKqjvQrM6gahuZvIo0M
185,PleasedPurchase8672,Lm1NksaTDinnh4y1bE
186,WaryScallion305,ki3FTl6
187,BlackBurst7,XBSF2e
188,UntrueNature,7IBkjlzr7T0Gim2hmhT
189,WarmheartedMusician776,BjvHJJr6YZIq5SW6kUTN
190,RectangularHuman6,rgAuu3qwe
191,DecisiveGear,pPDJWDwO
192,DisgustingPig76,3oH1dFqHTLqtCey
193,KeyBikini1491,BnYmaNuF
194,ReflectingGroup86,g8wuCVHre0kPlnnY
195,HandsomeOfficer080,RXYyb7yVP
196,BasicCobbler70,FXFE6h
197,HighLevelFloor5354,CvjLD6keA6
198,ShortTermHydrocarbon82,im1WiVM6pHpv3lY5hH
199,AgitatedEcumenist027,3RD0NFq8Xt6a0rPK08o
200,AcceptableAnesthesiologist0461,oWSCuMFeXK9JAa2cKjX
201,KlutzyRainstorm6,Dkc5GOiJFl
202,UnwieldyCyclooxygenase152,WQzLfLIDuhyk8w3Ytc
203,OrdinaryPlea,KWCj9Yqts5EmZvnCPvk
204,OfficialSea31,mmqIkjhMvnzR5g7
205,OilyFan7,ZLDuPJC5j9eQzw
206,RowdyPlanter69,SAbKrXA
207,AuthenticWoodchuck51,7g6M0fKO76psOz8
208,StrictHeadline1,YqP90Jj
209,NoisyGit009,9uDeRCYxGVMg
210,NormalMouth4750,GXQoPlK9rga
211,WideEyedAmbiguity86,5JATnErV1wUfZH
212,ImmediateScaffold65,FmBANyKXSkCNoyrz8V8g
213,IdenticalTextbook906,bV69mHHcfCcxIdJXfnG
214,PlushWording921,MQfzd3WvGwpTwDRU
215,TeemingConduct,u5bNIJWVr8PCvOs
216,CreamyProposition9,mIjhslB1DJ4E3Yxm
217,DenseBait,92Cwsi8ZpAkkVyag
218,RoastedPantsuit26,nQYHV2o7ejJprrf4
219,HeartfeltStreetcar37,tEXZOrJcJcv7kqLeN
220,LateBeyond152,cSjXQh0hbulEa
221,TrustingGreenhouse0104,3eizaHZkOtd
222,FuzzyMorning213,abm6KHoGx
223,ValuableTamO'Shanter5079,0C8FxlG23ilsmmW
224,TotalDomain,9T0XRH4WE6cxPRnk9
225,RevolvingPlain608,BHqBt8IwnjD8mqnSl
226,AmazingInLaws37,jIRV7cCW
227,DistantDownstairs81,IuyGxH0smX
228,WideTopic785,5iKrqpKZ
229,FrivolousArrest77,6KqyoiJer6zbW3
230,QuarterlyFaculty879,JeKX9ctLqaPBsSdHRL
231,LimpingTopsail9,jxWXtTW3f4Zj
232,HalfFreckle,SD3bMqHYuJo
233,KnownBore502,DtfgOBGA6viATjywlBY
234,ParchedSofa9,p7DUfUhBF
235,WellDocumentedAmount,H4h4yHQ6LH873LG
236,RevolvingLiquidity12,X1slDWlFQamEXbfJi
237,ExemplaryDistribution981,R8e7eZTFjkbIU32BsRIB
238,WellDocumentedWhack,PiuCoAC4
239,WastefulChapel4367,Yp2Htf4bDwnYqNNRZuBt
240,ShortLiver383,oWiihqKR3aj9xw8XAH0
241,SnoopyEarmuffs6,D8hDS1tyHSFaH9vQdO6z
242,FearlessAside210,D2HjD8W2mFZM0xNCqU
243,AbandonedTownhouse6,YhEWisyGsAAGOC1BDB
244,SvelteTrader2,hwr5CtWSj8jebss
245,FittingMax9,Q32roTs0Y71ipbjY
246,WillingBasics,r01v1esmcM
247,HumiliatingMilitary,uRM225udDOIktlPRBUU
248,ItchyDrink671,lBfy9BWD
249,CriticalScissors,6gNDiZka0u
250,ChiefSimple540,RejqaCD0QUzgLT4
251,CylindricalShort041,hptkGnj9X0XOj
252,FearfulFeature,tbLnyDwbWCD4o3vi
253,FlimsyCost1,NTJ2GxvCGC
254,RundownAirspace,HnwGzSYex5lNFhKl
255,FinishedClerk952,dpSUwbANyk5kdKa9yK
256,DelightfulJot93,JLkGiiqZoCnenwUajI
257,GorgeousSheep4196,1iKebe4wAF7PMeGqAws
258,SeparateToothpaste03,NK0wNzqnGjBibu
259,WorthlessLeopard9032,fu8VK2
260,UniqueDisplay2441,nlGwwalWotNrywJQ
261,ConsciousMinorLeague4535,00gzfQts
262,ButteryGutter8077,hXVrrDtao
263,CloudySubmitter4459,ghFjAEW5gTgCYjRl
264,FoolishHeartbeat,zwdsOf
265,DiligentUnderweight7,cjKD1T
266,ScaryRudiment243,ywhoPg4ro7nGR
267,MortifiedPoetry9,dMipJqD
268,WellMadeHair9001,2QyvPCyAxvM76s
269,AbsolutePagan784,770PW7NSKpYgMk4YQ
270,HonestSeaside1,x9nwRqBgddgcL1
271,ComposedFew25,NdSzGdXR
272,NotedMandate7276,MN8NdHZfpiJDehT0do
273,PaleFarming4366,SR9uFQPAcc1Q2yF
274,GrowlingIronclad,5GOuBgKB1Z1CRD
275,UnitedRaspberry262,kSqcLe
276,FarCalendar187,QC31tzaLR8BqTkXVzv
277,MountainousMouse0370,oaefEe5rvRhIICW
278,VelvetyDozen,hNHUJJOHY
279,KnowledgeableSpinach99,I2HLgEHf
280,WingedCartridge56,Rq8c7fvEAdoJRZm
281,GrimyDialect7091,QiUQSaQ74as9e4
282,PoshChannel7,74zVObNFaJKiu
283,QuerulousMuskrat1,js8WNi
284,DevotedAvenue2198,uc9G7eXNWICmdVg5
285,ExpensiveAssociation58,SIMY2aOttekHIYpk
286,ConsiderateInfarction62,OnT3eR3D8oTMWC5PzGOy
287,MoralSaucer94,ApGaoW4dgG
288,WorthwhileFriend98,aZtmBN9T6pSV4f
289,GiddyOstrich9,liofq6Qxt2
290,ScratchyAmazement,rwMrdQKl2
291,WornCorps415,BQcEt6ZfhxkB
292,UnusualGrip20,SxEmBdt
293,GleefulMeter97,mEkvE08XEPp
294,EuphoricLake6,eE1ZdKP
295,VillainousRobin2,ydRnQlxqmM86vjagkpx
296,NonstopResolve5594,9QiagRkyUINSM5iE
297,StraightGem7812,UmZXIdZJpK
298,SlimComprehension8,VQibncI1Dl54sSJ
299,BurdensomeCoral,bSygj6m1aVY4wV5WBx
300,ContentMale735,v7GmZp9bM4Q
301,BruisedWish5,n0zpKhi1T
302,RightHacksaw3776,ODbFO0
303,PlaintiveBacterium4,3TwVb2gR57zARKqr
304,JumboTemp6643,BAFJaxXQyGZ
305,UnhealthyCommandment370,mC4AyEDlP
306,OpenAirship36,dshDJJF
307,RipeFrigate497,rXVfdZlF0fX3
308,GenerousSeashore13,F6Ydg5vdKoCgZxfI98mK
309,CostlySelf69,WObQF3tlL1UyIWagr
310,MadeUpSuck00,XzWZtBf9G5TKZYyf
311,VeneratedCultivar6711,QppaBPxW
312,GuiltyRandomisation,I8ewc6USus9tFqmvnCVj
313,DelayedQuarter,pTTth1wfREzd
314,ColorlessCholesterol4,vnJtQ2veI6naTMmqJjg
315,InsidiousLeisure315,fHGNHSYnmH6oa
316,AverageMarketing,YVtvFOkmKZP
317,PerkyEarthquake102,UOdmiOnDMj
318,BusyCounsellor636,hAZVGEvPgAdhGH
319,ImmediateTale6135,Wk8vAREKPOYI
320,DownrightMix7,eSRgRAKGFev
321,ExhaustedStepSister0650,fdUgzDdFUx8Y1VK
322,LargeNetsuke,a8Q2JNCi53pqMoO
323,IroncladAccuracy8,il3CAysWt
324,CautiousPassage0977,Le9UOG4qPeBUl
325,PopularParade66,Qd1VN84fNvtsG4i
326,JuniorMillet674,a0XvL59IZR
327,FatherlySomething684,HnhuaMuLA80xJbk
328,SnappyCompensation,gY8X6z0nWf7FiRa4
329,MindlessHeir67,Kqnbuxm
330,FailingImpostor98,qpWfBnOEb28zC
331,VeneratedMistake4,xiQCpg
332,DecisiveJoey998,3nc0iTxR1pI81uRf2fxb
333,LooseLandmine,4xwuoeJWPzn9EE5
334,WellLitAcademy,BfZrF6gU71dYwVHKmecf
335,SwelteringAssumption96,FiWJfFvc0
336,MediumCap5036,LuZUMxS6XmQagF56
337,MutedRoommate1182,QeTwOQ3V
338,MarvelousNightingale6682,lgU5U8
339,CleanPillar4860,donlw7v0HXfd
340,WiltedCorrespondent715,X6v29GMcg
341,ImperturbableAshtray,InhSVEu9
342,ShadowyGinseng80,OO3Bt8ZSetvRZYW
343,ForthrightIdentification6898,5FRZUA5
344,SteelBirdcage7219,Kepm3b5dZHKQnG5
345,BeneficialAscend0,xe7t5Z3QHecvr
346,ForcefulShot45,x45HSLktTRCE
347,ForkedCamper5,2A3FQgq
348,BeneficialTonic,clFgCr3AXYhzZo0qV
349,ConsciousAbnormality19,RzesIFI
350,YellowishPlaster7,6LQvfIZgEwjitQKgJUA
351,KnobbyBeard58,MKCFyJTjzBH79SA
352,EarnestLayer,kjb0QhqrOeLUbgUoOM3F
353,PitifulTwins,OdKnwqh
354,ElasticReplica6,RCqwe6D
355,ImaginaryPoncho6482,bWV3plfTPuL
356,VelvetyEyestrain9,7P7fJk7dAX5
357,UnevenPayoff319,Fk9E2vnhx0Ycg
358,RadiantGlutamate89,nWVDD2Qd
359,InsubstantialParenting94,83kZbZlcUTC83W
360,AcademicFoot758,uP8cce
361,FrequentRoot,gALVu5hmoMzXWZpPEGc0
362,PoisedStretch8,aKTuQUsuDXzyreKUVq
363,BoldBeating79,FCW2gu7F1Z4PFT5
364,FruitfulShred0002,s2J8q2dqWVt
365,NecessaryDisguise5792,7XzU3mgHQYwXFCwPK
366,DismalBrooch,QW82h1Lkp4HG4
367,UglyHypothermia99,YpwjOoO
368,LuckyWaterfront74,Ix05E5
369,ZealousCabana97,u7A0YX6nXQ
370,NegativeScience,HpTL8no6GbNMI
371,FormalOrange6749,cRlNgYP86
372,MaleDriveway243,gX1sCDOThMl6F4tZ5
373,MundaneMinority005,oefeQzW
374,GleefulPop506,jMaQdXObgl
375,PopularMile9,PX23inGs
376,UncomfortableCounterpart67,Qj5Qik
377,DelayedTopHat,ndY70UYtqEGEg2r2GMQp
378,UnlinedCheetah52,rWEmK3eddhaWUca
379,ImpracticalCloakroom543,oZUU5j1qpzCGr
380,ImpureLapdog04,nM2y7xG9ibV0x
381,RottenMotorcar2,KcAsHXFb918YKbGpwF
382,ElasticDipstick9961,LeONK4F
383,VividStockings99,qjSQjD5dcXPyUVxtvr9
384,ImpressionableTarragon7,9ALtcji1
385,HonoredBrunch3,FrM6clNSJ
386,WarpedPolenta9,wU1yiJ6v8zCfZ
387,SpeedyDescent7,ZuS9SHopNKsN1lvp
388,BrightSpeed56,MEY7vzbdvyKI41
389,DeterminedXylophone77,KyVNlq
390,SorePlacement,VZiAgEhCiIm
391,BadChill57,xNdk1b0vijJr7n
392,AdeptPhotographer,xIq9TmkV647rT
393,FakePitcher2462,c9iWXdQ
394,PracticalSpat9,dhZldn7penwpZFJ0l4gp
395,GrandioseSnack5104,Xkjr7Dn9xOe4
396,IcyFriend881,hN5mfwEVCtXzn3Ej
397,StingyPinstripe31,bGhCvoB
398,KnobbySimplification8,Jo4BpXgJAJaB
399,ThornyNotoriety2,c66uUhD66bmyOHmri6L
400,SneakyCustom680,zLTjjZa6BA9Vc
401,MeekMisogyny7892,FZU4zeM8bydKy1p
402,RectangularWire,QCkJOvN5fMiBfO
403,MiniatureParenting08,PTz6eMID2wjukx
404,NumbSucker8,fRYyPcPgy9e9Pako3W
405,FlatCrib5,23oCWsZhV6zec
406,HopefulCommander837,wH6DIeyKRQUBxP
407,JovialClef2613,nFQ4lYWhQXrY0
408,ProbableVibrissae7758,uUKspSRuTGyCzM9
409,UnselfishPumpkinseed2399,Xm2DxoBEuF1HuYn
410,FailingRiot7,QKpxJgf7dlN
411,SneakyInability,JSc5WUJKKpFxdAaQ
412,PureWatchmaker319,BaKlG2pcSZqY8da
413,SimplisticProgression,TXp1v8H6F0nk
414,MealyGrill,CUs609saMLT
415,DevotedBiscuit9,cNoW4B4
416,MenacingDog5,0zyWBRadIrBW5TeyPAYE
417,OvercookedFrame481,W1x7GXh1iCtzaXj6rY8
418,MediumFountain46,Q2je3W8jmkCbcC2YcGNx
419,ExtraneousTeammate,5yPwFcRI
420,AcademicFavor4980,aQoaqt
421,MuddyRebel53,bsuUt3
422,SugaryPet6957,SYzvDLoB
423,BuzzingShit992,yjMytAUeoQFq
424,WateryCategory,8QkHP0J
425,ScaryGrief5,zdZwMaUSUZJ580mdUqj
426,HumiliatingBarley99,sLZCKPv
427,PositiveStandardization000,UyySOKJxHDOenPRiU
428,OddballColt2567,e7ymfXSqZ7OvXoU
429,SlipperyCappelletti2540,y8NLcLfiMZ83p
430,GentleMistake,kcUCmZwpNU
431,ImmediateSoftware,N1AygGuNqU
432,MustyMarket9,I0qSf7AHwd16Y2bjKdx
433,PoshAttribute9870,AukLbf0eRYdN
434,ThinAccount3,A2HoosvRFAWoypXuT
435,StickySideburns36,dVKpG49yO91U9Tf2b6
436,RudeEmanate449,d3jDI6RvJXRxW6rGO06
437,DefiniteBar,dtBrMZrAi
438,FavoriteZephyr6,4KDQLq
439,UnawareChoker38,v6qbWBpdAGq
440,RelievedBoxspring4,E21IElB71oxL1kLM2HH
441,EcstaticLake950,tAZEnvGvhcG
442,SickTenet,Brx1BE5id6d
443,KeenCockroach4,7ZTKpkrBFtVevY5iiQB
444,PreciousPhoto09,zatxVMwhCNIGlH
445,KnobbyPolitics62,STcu8PDdJltPfhbX8
446,ClearMaintenance77,VDGL6k
447,NiceRaccoon70,Fj6L2ryxAqWD9TM
448,NuttyJudgment988,w0M8C2ZoNcQ2yc
449,AmpleBathrobe025,AFZEw8ay2roHq8GBHX
450,MessySkull,bJe0jhfEPXMN4c
451,SparseCitrus78,x94tOA21qQyQUp5y3g2
452,NotedParallelogram643,LTklVkfs3Sffq7iEL
453,FelinePetition7277,iiPR6LiBtY2
454,TimelyPiccolo5472,225pFQpbPYi
455,IncredibleKebab1,Ms1JEJ
456,AnxiousPatio,BUFwFO
457,PolishedFedelini1,cIbHWONic6PS
458,NaturalFringe7,b1f1TZ6L3WjRI1H6
459,DopeyChestnut25,Cm5OdxM9Q3Yb
460,SphericalTraffic9124,BusB8lY
461,QuizzicalExtinction539,N8rafCRX3EQ9
462,YearlyCompass,IvwqXpA
463,SoulfulDilution,XJNGBim2EwStRk55FHL
464,AfraidFreak,ryMZ9nyfHU8KxCTl3A
465,LovingVibraphone11,AuI1yRj0Dp6GPk3cYQY
466,RichComparison6564,RUkhPqVQOPX1n
467,FluidSalami437,EBnUqXc7XNi1
468,GoldenPhone403,ZV06xm
469,MiserableGossip022,6Y0SDQolSI
470,RecentMelon7,dREJoUcIwndo1r
471,IrresponsibleTurning9696,anZRLlDxTSGJ93Lq5mR
472,DependableMixture02,wz7Oc7F0jxvp
473,MustySaddle805,CHvLtZKykS7vm8dKZ
474,MuffledMacro,wFXpLSg9wIf
475,StupidPile5,gSCsXUCQYI1jDMRnOhY
476,WeakFarmer433,emosf8JyHSUDc
477,InnocentGelatin51,Uk0DJG6KmyRQ8V1K2
478,BarrenCharm8220,hxD2RlA9
479,UnitedPreface87,YgOdyRwUk
480,ConsiderateFace1032,l2Pn7g83O
481,BrokenEcliptic802,kcBweIlTLPCKePor7Dc6
482,ImportantManipulation6,vUOPz9
483,LividSquirrel076,q4CHYg
484,BrownDeputy3,5X2DlRqTBwf
485,ThunderousInterchange10,SIGT9muv5P0mPTG
486,KnobbyCrossStitch68,pxpVAYA
487,SeparateSupermarket7,edVfl3X
488,RegalRubbish7335,jyKJKAxM8WmP98DfoxB
489,ColorfulWorry7,RqDPun
490,AnyHaven,YHQsYHSw
491,CumbersomeWeapon95,kXwJa33lo3hA
492,ExtraSmallElimination5,BqpXV49
493,SilverKale,zl3k1R3jlk86
494,GrowingRabbi3,NhGOx7
495,BriskSin32,U1MOgEo3jj8dbtzD5J
496,ArtisticPaperback90,7OVuyuI4F4VLCtE3
497,IdenticalMouser93,gHBkrp5
498,InformalMoccasins4,MrmlHH
499,SnarlingPalate8,cc1WLnRGnbAQ
500,EllipticalLilac0396,fEPiJkm
501,FruitfulOuthouse5,F4UiDX1Xo27YwLGd
502,UpbeatKnickers6726,cGZBhEo6Be6okc
503,SubduedShoehorn0270,s077DDG
504,IlliteratePheasant800,gmubqE6u
505,OurMess0820,5EjhfwDX5LGA
506,WiltedSummer2,QrmoX3wSQ7bEagnbUpU
507,PinkCemetery0,UlhL4EXc4YutfGkjNMl
508,NauticalClimb2,OGYbYqAhs98BWfvotG9u
509,SelfishDwell216,1ZOrsolYK85
510,DryBrocolli6774,qcaAdbRo
511,CuteBias837,xXb59GUkExITXMGEbK
512,DaringGloom,gEYdtd3YNCbSg3DwSxe
513,BadChin,jcbI2oDDtp
514,CuddlyAutoimmunity3399,i1lqL9zui
515,AmpleMouser4212,H1m8PdPJVjeCWT3ZDt
516,ZanyPizza8418,FoFFNv07kyURNAvl
517,CooperativeVice4,glDpmfHg
518,VivaciousHelo,3pDn6zgHe
519,GlumBalance4,xkcJxXywmLD
520,PrestigiousViscose5752,ttDYQTW
521,SureFootedKickOff56,vwRSDHO00rrzPG
522,MixedInstitute7,xGXztWD624
523,EvenRating5,auqX4HRSjrJ0
524,AdmiredJerk0,K5dXymhBSW
525,RevolvingCommodity,hApvKfgL38b
526,IllInformedCruise495,t5M4adgBCHO9vT
527,WornAlliance173,zWzMtMLtZCmzHHsvX
528,BoldCytoplasm3754,Z35INv0eD
529,EcstaticWorker6925,MOM4NSs3kzlYoHvxm
530,AdorableDedication987,o8UcK7aqcttRK7ShUsq
531,CourageousRound,UkfAiTHhfAv
532,CheapDaybed4,9LscFC55f
533,WingedMiter8,mXAplxi
534,HonorableChairman7368,WutYjJfirL
535,ThirdPotty0026,L9Cwt1KAtKywypYWWd8P
536,UnawareLiability911,I0flY0a5waTrYhoRAz
537,ImpassionedFurry785,ogI3xjjAUWzZSOuu
538,WeightyEicosanoid1648,gV2swCQjF9
539,ParallelHarp,nATVgW2Q0
540,LowSocialism1649,aRyIGDMaDtr
541,AdventurousBoom4295,vgRweH73ksvlRxKuDeN
542,RadiantAdministrator,6TM9AqEklp72QLG
543,DistantSnowflake7865,WVoPWszNFjpRE
544,ExpensiveStirFry4341,PkHpd5HtzN
545,GrizzledSubscription73,XhEvZLo1TWv0DqJPS0Ha
546,UntriedSpiral3413,rgAb3Mdf5H
547,StudiousVolunteering16,3ZL7VF7BbWgWK7v
548,DependentFactor6,VCTiLgb8x
549,VapidCyclooxygenase1390,0W36zxy
550,ElderlyHunt9,flXVSrU
551,UnpleasantArchRival1339,MYwih5AM
552,VoluminousConditioner,T3eioSh5MGV77XLXwyIs
553,FrighteningFaculty15,InqtZK3H0XaktoBrTw
554,SpecificHavoc,yhqQ5ubGvq9YIJ
555,IncredibleGerbil,ZFJQDnua9tf6Yf2
556,SkeletalGlow,OhDmXM21UCL30XWgdRw5
557,PaltryQuit9960,uSqV676k52TmBriZmkv
558,DenseDime,RlUvb2Ep
559,TornKilometer,3avHBrXFPXb0OKNc2bN
560,PutridRocketShip6,hvSrJOhI6TqW68Y
561,DimValentine,UqPTENxNoaqg
562,BabyishEast9,Dsn75F
563,GrumpyTrim95,lShb9N5
564,LeftTransition440,WttWdu4yuAvRidnLc
565,FavoriteBidding1,h1Yt9299MT7BDdQWwD
566,InformalBeer,qWMfczA24AWztHgdYHR
567,SoggyBunkhouse3,Cywg6psYky004ucUjQUH
568,SpryMobile9,Xu99AbgplevC3L
569,ThriftyGlue709,aM2X8kkZYa2EaPx886sr
570,WeepyFortune54,OFjy9XCxW1M
571,IdenticalEngineering72,0lN5VhwIRUmmESsqz
572,PungentWinter777,fy7axNkf
573,RareMortal58,9xiwwbgW
574,FrizzySkeleton91,vLLARZ6hu2A1AIx
575,ExcitableBump,n5sK4IzIDt5HDKpG9K
576,RegalForum346,5jTPKQKNxs0CK
577,DismalHarvest724,y2ZCsctA6N6jzi8
578,IntelligentChest,RJrhLNuewuF9A
579,BoringAnime8,sNFhEsqgAjLWyQ
580,TrustyTruth936,Lqt9p8UlfvBB
581,SoftRebellion,k8cJBSP
582,AthleticMedicine,iO7vJXpU5ba
583,StainedPicture3440,UfPFWV5e4
584,TremendousNoir9,kW6Z2LabjsFl2Wup8
585,FrillyFingerling1312,XtajmgkrOEFSb7D2F9x
586,KosherMisrepresentation910,iZ0vTN7IVfEFwRc
587,FloweryDirector5902,qeKZxSRi5rT6yFWv
588,OriginalNymph,sCS6uN8KqTDm3GZ
589,MarriedDew2,wsQTHw5Bl
590,FussyDot051,xfDYyyjWRukXOUraEF
591,BlindCandidate2145,V0uh2YXdL9
592,JumpyArmoire004,CrqWLGhdVwArrb
593,OverlookedSunglasses71,MVt8H5c5jTuiUx
594,FickleStack5255,KWxfWyara4srH95C6
595,EducatedPrecedent503,IXlB30OuJpL
596,GoodNaturedOctave3,QeW2Ce1
597,TediousCarabao7,g5YVp1fxxqzVlzhV
598,BlissfulInteraction8656,jD4Ntp
599,ChiefTraditionalism68,qmlarf3OJ0C0
600,DeliriousHydraulics4158,y3Y4RvW41gaRhzRz
601,OldFashionedPark8989,5VoTWNKqVQgndUj
602,ZanyFatigue7188,VsIZMJP
603,RelievedIrrigation76,wcQolPbzeLCzFrXuDhx
604,JauntyLymphocyte56,FhKcO8n4zLp
605,ForcefulOperation3,4shGgZ
606,LustrousLay1342,ia7MQjPDmO0
607,ShyDensity95,Ywx162rRxaI8SEhp
608,IncomparableInfusion73,UiDGpBfHm
609,CompassionateRailing3,1pnzyHuzfMNC550iW62y
610,ImpassionedAntiquity9,ppvXbtYOXAzabT7cW
611,HeftyLeap5,9WxjrjUuja0DZBskZF
612,CruelCoonskin5,dj8RUuE6vCvpyA4
613,WatchfulSandwich47,68q2yLKFqHdBiFe
614,IntentCesspool109,J4OZsMytSvd2jrp
615,SociableSheet,e8JesqB4Q05hQ9294Cp
616,OverjoyedNeuropathologist,2DHdhiMtsEkeqc
617,SingleBomb,PAKgMdRztTVk2RLok
618,ReflectingCaptain,5QIuGiWAAJOhq80hiwsH
619,UnconsciousKiss74,z9MTZUX2RYLb7RCXvc
620,BriskEffort70,O0EY1I3HmPx
621,ClearCutSong80,taPfJeH5tMu
622,RepentantAnklet,O2WRxCnXvxaNDgRZz
623,AnotherWindshield3,CV4n72W17mEge3KdpzrZ
624,AmpleSector21,RvZl1U0D1rqdFdmX1YH
625,BeautifulMeans4,VFmKAYVKDxVrrvr0jYq
626,SociableWindshield9,cyVFK8adETQbronrv3Qg
627,LivelyMainstream37,ZSnlcWNXeDD
628,SadRat8209,6uHoARbvBb6qF
629,GlisteningResearch20,dhx4YLPR5KBaARCejT
630,EllipticalDream2,8RijbMOx8o3zjO
631,HandyAmenity,IUhroctaNkNw
632,DescriptiveRail0975,DzeS8NUBd3b2xuH
633,SimpleJoint42,pZHmpvTFTiYoYdEbH2b
634,SmoothZiggurat2,TsZfsRiQB1lBwMS
635,LostBowler,2BmpxTT6al4o
636,WellLitOnset40,5BDCQM8Z5g1
637,HairyLeader236,Hbpt65Qiqls8CyDou8n
638,IrritatingHackwork2034,QafDIxOAtxoWTt
639,ImpassionedExpansion,PHoXyF4d5iL
640,UntimelySombrero2671,9ms7T5
641,InsubstantialCleft193,goec325YAj2EvjRpMmLZ
642,YouthfulHubris,Di4CgsQAQqzhcUKvmVJ
643,OpulentCotton469,xUbhfvKXHvn6utOWixMH
644,MixedArchRival019,zbbo9Jl
645,BeautifulCrossContamination,LGfA0G
646,OptimisticPopulation4227,UXN9sFCMC9Mb
647,ColossalDollar08,Igz1FUyaxZPoGrmSI4a0
648,YawningCharge,Pa2BtNDRnD
649,AlarmingChallenge6214,9GLOuFOsi8M5xEdbjWp
650,SleepyLocker,Vy4qQ99sbL3g
651,AutomaticRiot290,VOSdfxwllhEuQs
652,ProbableMeteor,8rng3sz
653,ImpolitePlaster1014,06d63PbDzNFwvhSzr0c
654,MenacingAspic21,AOfsgUAZVaCMD7aSru
655,ExtraSmallSomersault90,XluLWlQ
656,HeavyDiamond8,CUPYiDSRu7NZCFm
657,MiserableWave,nN1mGk
658,VirtuousLandscape0169,cc7Q8ym3w9
659,ArcticIgnorant1,X3kNwUxcd10cRSE5jmdy
660,DecimalEpoxy8615,06saChKkmqleH
661,DazzlingStrawberry,0VdpI0sRL9Sm
662,DelayedDomain0126,q8kRjaN3eQheEqv
663,MealyTurnstile52,fiPPE6FH
664,HelpfulOzone43,yxLUpP4XnbkzDUGRwop
665,AjarUtility4,FkWTGqLAo
666,SoulfulDesigner60,CxXx3Bqh3
667,CreamyPruner847,tEPh2nRl057Yc6S
668,BubblySherry6,20MRZ3aIRWwHGqHaNHS
669,FussySolidity2206,2Rob39E44XT4MJ
670,UnwelcomeInbox6359,ohiCmxOpkRVpCruRW
671,EachMutt0,fdN7oZm
672,LegitimateGate0515,pv8qsenolJifBZMtOQr
673,DistortedEmission873,roSkYS7ceZnzzW4dBCEg
674,UnawareShutdown5,n8LqUlBPIP4
675,DecimalHydrolysis51,MPxyCoLEQZsZA
676,WeeLip0,yCvVR2lyxm5csFOk8fIx
677,EvilWaterfront,ADat0pYiCo0RaXTdtH
678,NecessaryTimeline8,hO8JSEz
679,ViciousPremeditation,hTtOGswEJcR
680,IncompatibleFarm40,coCFTOHQiz
681,UnwillingMilkshake8936,8HQvRN5iqQCHKUt7vYI
682,SpecificStarboard940,431t7dxRMxg
683,GlitteringCalm,EkLVTaf8tvynZQNTe
684,CoarseParamecium18,XUzhA3nZfU3DN7uZ
685,WarmheartedArchives72,nhq8l8wLI2I8xL
686,PrimeDanger4377,2hF2ECpmx1
687,ConcreteDiving9221,ZOUuvAto
688,JealousDoc8067,RH0GKEFL9kyOqGJMeUUG
689,SandyRush902,mWz49BnoY3q
690,VibrantLiner9808,0vyZ2b3Y
691,NotableTexture,ZtlhbJIoUtAjtn190
692,StrikingSustainment,goT0vtCz5
693,LostTrousers,WmVqqs3
694,ScratchyDressing2391,slCOUta
695,StrikingKingdom,Xd7b63r6
696,DistortedThermals,wA0vOslrBeZdkb
697,HumiliatingData46,8OR0pwM14gRcMTRZ0
698,ShinyShoehorn,Uguovn53AQ8
699,UnevenHardcover7,wHJXOjEYKyrp
700,SlowPolice94,2FYupOQdmq1zIHn
701,RipeToy2848,hpv3xje
702,UnwieldyGround9,hHuDcbtT07h8uj9xvtLM
703,TruthfulHandover770,Whc3hPWaWbDD3DyM5
704,SeveralMissionary3899,9ikAXjPVW1o
705,SpeedyTactics82,Dn3XLjO
706,FlippantSex70,hM8Jhi8XZilKIEI7HDW1
707,SquareVerdict4,574DhFq2wAH
708,MintyConcrete1757,rHwYHhq7w4DkTVIrs
709,LastOeuvre5,PhHjNfRPgYEGYDyzH
710,HungryProstrate5745,g8MLw43PeijB4lTS
711,JumpyHiring82,1RB0iFFKUWPOx
712,MuddyHiccups18,ilhFmyTjaT9
713,UnpleasantEagle02,e47zEzl
714,PointlessBooster3,dC014UGqfiXVa
715,BestChest781,xQ04XGJl
716,YellowPleat65,0lNTmtr43erLs
717,GreenMilkshake,URLI7vJyorkJq3EL
718,PerkyThug,FUS8cKtxZS2reKh
719,OffensiveWhiskey,p03Q2gQUEL
720,ClearCutRoller433,94XfRAUCgMX
721,GranularFurnace,f7t3xHdQvkPFi
722,IllInformedCreativity4,26rmEQoYSfzViXz9cs7u
723,WeakJournalist,hnFBNlqHeW2n2rzSx
724,GregariousHydraulics35,cdG1QJPXpX
725,QuarrelsomeUtility340,bAmZDU5bjv6gQpc
726,IdioticConcentration8532,M8tsf2Z5KEvcVnHbeN1
727,PotableBeheading436,2ENVrTyP
728,ForcefulPuritan726,tb93jMPHoBej9iGood
729,OutrageousHeadrest312,z2oEnLhaScsRSqua
730,IckyContainer7,FjHSJxt6yLjM8biWP
731,VigilantAssumption2676,DkayA88x0qRvrrM0GAP
732,ExtraneousChronometer60,3m6WqMhmA
733,OverdueParenting855,DBw83CHN87sD4i
734,UnnaturalDiagnosis,meA9pnEwV7g0na
735,PresentOx,NLwKaFk
736,HonoredOrganization0,8mLM86TansA
737,RapidHardening,nCPxWwuNolS
738,BetterDeviation9,IBwsLf1RUjjzdg8
739,FondDescent541,tgfbJ2h0oEHg34zI
740,TinyAgony19,wFT7ScJkhRBR
741,AbleKetchup,qf7mWKm3ZSbsW
742,CoarseEstuary1761,tnJtR6
743,OblongAppeal63,7NyMoj089FGiNRNCV8J
744,SpiffyPartridge,ntnJLaS
745,HandsomeMinnow84,aS7dLG4AHD4HewgL0P3
746,FluffyCrusader51,jszKU8pmZYKH
747,StableBuddy0931,3NiFlm
748,AbsoluteNode0026,KCa2utFu9D
749,PettyConfirmation11,b0wOo5Aixxq8P0VQ
750,RuddyLaryngitis69,NHJbyL
751,GratefulFuneral56,lbjY9yz0C1mW
752,GlitteringTumbler,jGXE0sQocpU1b
753,ElasticBriefly900,Pbjq3f3Mb
754,StarchyGondola981,cEhqLe
755,IckyDude3060,tnE5KEhO7S1yYmDwo
756,CloseCombat9975,teJgecZ5O
757,PrestigiousWake,EX5GvfKgiiYt0OB6YT
758,ZanyRecollection1028,Lf6JKm9FiLS4M4Mpx
759,UnrealisticEyebrow7,o4IKatpXUqBtgIV2IlEe
760,DenseInterferometer04,ijfY5p7uKID80fMIgA
761,MajorConversation9,jCmz8a7OkqBMq
762,UsedBrowser1,dHNEGtUev
763,BriefClosing3,jdD7u3CFR1qMXG
764,PepperyLantern179,hiUbcKoBb
765,ModestCentury66,pal1JXU30X
766,MistyFlood8,VKooSIi
767,ClumsyShoe572,CFydPalGNhc
768,SweatyMarksman6310,gtxXAhDMJ
769,IlliterateNitrogen41,wtJyG6l
770,LegalGrass,d3BGakskf9l
771,MistyProductivity83,t4EF5LMRi6FeI
772,OrganicSurround547,tISBT6V
773,AdeptSnow4,iAfSiJh6c3AULKE
774,DarlingKnitting22,jiGIzp4H4jC2pA5
775,CleverSpandex42,sJepck0QqQu
776,TangibleBlood,39DSxvZ
777,FrailMidCourse291,KLGK3C5j
778,RapidPillar357,urAe6jf
779,ThunderousCartilage581,p9NCjzGvSMZBD6jK1
780,WrongStiletto,QejxHJJVCa
781,LimitedMotor3743,viEzkInsKuVXId
782,JaggedChalice,nQ1otQM0v9PdRN5n3w
783,ObviousTypewriter,LxAQBLaOxXo
784,MonthlyRelay640,Xs0kJeljNaTYX
785,LateThigh5,1x6ALqKtDxmbMwrf
786,FloweryChalice91,3rm2KzmMzrnPyE49zEoI
787,FamiliarWisdom74,GtWbeLdZ0ceVjmcdYK
788,MotherlyJulienne2439,qtzjy6tvme
789,UnsightlyAardvark2,vVIG1LT
790,DirtyEarthquake,xbSPsM
791,FlatMeans4514,qwYfGPr6HIrt
792,TestyBlessing51,X7FlbT240D
793,ExcitedEthernet2,Vt2Ja5n8
794,DraftyPlatelet,jQoFlqD
795,RegalArch241,A6CrEHl944NwU5mSZz
796,GregariousDuel672,2oSQS1Vnls2
797,ImpeccableGarden5,TNrWmduaRJe1Ng4
798,UselessTomatillo500,QlnodWgvdsQwj
799,VividGherkin,3xuixD
800,JubilantViolet,d0xCvG
801,SmugCroissant3,MZfoPtw0MP45ws6X
802,GiantCriterion9419,GxKpRdDS
803,WingedProtein6990,DRY16WpaJR
804,StunningGreed1,QfhELO0DQ0iqkVxAmg0o
805,GorgeousSash,q6AxV2c8zXM
806,UnpleasantHospice3,HyXDv2dGhnlvJUsCz
807,FlamboyantHexagon,S9qq8dUAINO
808,EarnestMeal,t1CT9lTYpe
809,MeagerAngstrom44,cyoz210zf5J
810,BountifulOffering204,iT7wF1jMe1FlYdDGb2zF
811,DapperShallot,m0EHMBKGq
812,BouncyRostrum5,myIiaQEjZJmd4Ng6ZH
813,SparklingStraw9,kBrapxuUJJxIC
814,BoilingIdiom,cqpNA90oBAVsuPoAr
815,MistyEspalier20,8pvAjmsM6XYg0tmL
816,RepulsiveWetsuit4,cBE1lNSNSuNfjdn
817,ElectricCollectivisation62,iQ6IkkzzGL7VbNl2ckp
818,DevotedSpandex187,jpW4SvruGk8KY
819,MuffledWilderness6,4YXF494P8
820,VigorousDispatch46,knqapwOXdWWenHgptU
821,UnsteadyMint6,uw41sNGnI0Hkuqm
822,GrowingCattle3,g9n4VoE
823,GrimyWillingness6,15odBMoLvSxjj9eeUqQs
824,SmugHotel8193,bnLDNw0
825,FrostyTeammate78,g6fVvNaZdc4b
826,BogusTwine7,ykWsjqcz1kpWHb8zqV4
827,RegalSmelting51,oqgKL2xHwdpsnhT4
828,LiquidCelebration73,eOrwTg9s9sL2GfPWBQDn
829,GloomyCurriculum6,sj4k40K1dbe
830,StarkGrace,1ZNJRa2ZIEocFKaB1WJY
831,CapitalPalace86,zAA3RISkE95QsCBzs7
832,PointedDecimal989,oGqyABbBkmpabcq9OiC
833,IllInformedInventory093,Ec9l77TUHO
834,JuvenileCasket,xJIJaMYLDn9g9UF9x2
835,CorruptReach563,DpKfEvYgquyu
836,GrownPray709,hdPUzB0W
837,ReasonableMailbox7,fhFkYNuNZMg3WPB5dZ
838,RespectfulServitude133,PDqX98D0PVj91p
839,NaturalSinging3,SYBTY19EkepHg1
840,DistantRefund928,nYVpIMJIqrmPFDO4voD
841,BigHeartedSubcontractor933,6bMQ2Imrej4pqdp8K9I
842,DownrightQueen8,siFsYPuZ
843,TremendousSunday0,YY7wv1Be4fFNyT8Q
844,SarcasticHabit24,bRvOEr
845,SweetRestructuring967,M3i3IH3U2ktafZKg
846,EarlyCanopy94,0X2h2O5T2dCAWm7PgInA
847,NutritiousMosquito726,CS2igzNl35jKFlPgGQPU
848,GlassAdobe3,LdNZ8N4
849,PoliticalVerb8707,fFcqXoDz
850,BubblyAngel1860,tSwhsgpc
851,ImperfectPharmacist,XlJFGauo
852,ImmaculateOption3,rMK8oV2CVJcCVB
853,ImpressionablePhotodiode9,4MZvcuD8CismCDYpOI9F
854,PleasedWindshield2789,3PHyooHJ9g
855,YummyRestoration8517,DG7FStVSYUNl
856,FlimsyInspiration2,VnAyGvFxqWAwSt0l
857,LovableCurd058,YMSojONVQF
858,VainUnderground,BiNjCwGhNZhbnVZpamyW
859,AdorableMillennium630,fw9F3DGO4JUC
860,GruesomeRope3352,CGE4BkGS8Vx2IT3y
861,WebbedActress6,pe3pcdXJM1h9qc57Hu
862,DesertedFleck828,aCkqV2mK
863,InstructiveFloodplain6,ymSqSCvXj
864,DiligentIris5,SbHOsDCMKa0vlzQxBg
865,GrubbyAlpenhorn412,K2GblvHtoSnH
866,CapitalBomber2,A6acuPHC
867,ComfortableFormamide7,UX8V35WnvKHoyl73pi9
868,GloomySalon8098,JsQKn2
869,FumblingSub14,H5CA646wT
870,RundownMacadamia74,1QGtkHVizCGH
871,GroundedBower5,BNlPffrfuyEGRevK3B4
872,GreenReboot28,zwYjzkp2
873,PositiveRear8,WpVk4RjRrwlKRSdUZjPf
874,StunningGrandmother9471,6d7WcXQ3H6m3FKjzx
875,HoarseSocks,OepNHc1e9Xk0QivUstyl
876,StripedFord2703,CHkqZZoWVF
877,IcyActor,XM0FLf8NhMYWXPEq
878,ViolentSatin,j7MZJrsZdu
879,TriangularGodmother77,m2AjXw2VoKo
880,DishonestSpasm5777,PonThUf
881,FlippantApe1,32cZxiyhesR
882,ColorlessMolar,1alRsCZrRPeXiP
883,UnsightlyAwe,fR8jqVaPlnVkOa
884,OrderlyStaff2,6YnWD4bzbQRXiCb
885,CraftyBoulevard2277,4oNiXm36yuesZU
886,VainCapability,BCSyEqAjXwpE9GH
887,DangerousLane0,evSezMPe5TE
888,AcrobaticKazoo4281,cIAxL5
889,LightAnatomy927,54maN2aLo5IA
890,RapidMimosa3068,aHefXTliw
891,VitalKamikaze1804,kRyl4qHToyMnya
892,UnwillingBartender88,x9j9vSVvf2rw3OF69h
893,RemorsefulReluctance362,v9Elpb
894,ExpensiveKitchen3,w2pdjICVv3KbVQDoh
895,GrandioseRay0026,kJPinBa1lzp
896,InfiniteSeizure61,ktxPmMXPDXih9
897,ShamelessTepee31,2SM7lz
898,QualifiedHeartThrob63,lylLXk9awf
899,ExtrovertedMagazine4,8b3d3JnXlKHG3sGC
900,DependableGazebo,JNdQStTrAvN29
901,FrigidPickup,dTxhyiWybQCvMe
902,CalculatingPickax36,KAuIA6Qmll
903,SubstantialBin,TGmRsHQqsrhczkuM
904,SpectacularOrdination5,6cInt4t7lmuDh
905,SmoothPlayer8,kHL2KxdznHeN3jxYq
906,AmpleFondue999,Qw085TG8UPIP
907,ImpossibleBoyhood6,ztzRUUxnez
908,MarvelousDame482,a88XDzwbrqzeKtDq72pq
909,FatalTestament,8oopv60tkLeA
910,PlayfulEarrings7,hI6GV92Pee8NV2fb
911,BoldTrapezoid36,yU6zXMriWJ
912,NeglectedMoustache4722,fA06tXrNpsj1c55
913,DeadlyCauseway5,zl3FjI
914,MenacingHuman44,chRaegVB98ze9v3uw16
915,WhimsicalBratwurst1,eg3J6dKd0ctan6F
916,CreativeTowTruck,nVZyiV2
917,OrneryBlackfish81,Aulmpl62GoTDZBMscyH
918,UnusedDestination2,uH42QCZaQWg4a0unxJ
919,CrookedFoam,u59yEpnz
920,SlimyDiarist440,BUN8a7mwYVlmZ4L3k9y
921,KindheartedDash3306,ax0NyzKebFVeoan5ar
922,EuphoricChill64,peTGCFKkHlCI6
923,AthleticWindage562,zgIDZjZRYQbM6gjKH9
924,MediocreHybridisation14,zkgvBNeCCp5mxOOqLNPZ
925,VariableBlessing818,B3jTVpUpUIDzZxK1WN0
926,WellWornWest828,GbA6pJ2YFh2vIjuAFwC4
927,WhirlwindChart,tKZXpxyA94Tm1NqQ1EJx
928,FaintCapon7,8voTdNkxIMud
929,LovelyDesigner,KFcS460Y39r
930,SwelteringSoprano,W3UjZla71EOBi7WoMo1
931,UnsteadyChess0115,PnPqtZAX4FyZY
932,LoneNews,88LMS0pmsxQuL
933,TediousDistinction32,FLnKofS48
934,ElectricBit,F4T9T1L
935,CarefulBunkhouse192,2DQEWUyhymCSb
936,RegularTemple,anm1bGcGEovW0J0fg
937,PeskyOsprey63,TBPfbR
938,AdolescentInterval23,aok05ragqGf1EH6EFeG
939,PristineRepublic197,Lp7ax1PEXd
940,EmbarrassedSearch1,r9J06W
941,QuaintDugout98,KyLoWRDHhhMAPHrWTc
942,GiftedComradeship3,TmG6GYgVIz5fI8B
943,MysteriousAdvice84,8hndhs6LBfk
944,PunctualHexagon3,1nGdDrjSyto
945,GlassTea087,2kE8ewZ0tzu
946,GrizzledCauliflower43,7jffwUDksjo8
947,ShallowMonument,jBaYPtmcOH146
948,FlawedTomato5845,ra8bm6dDdks
949,TragicSphere,itncrPYT
950,WindySabre05,IT8L6Ks4bjVVxvrB
951,ExperiencedCookbook471,yJ2nX2XNIWKfEh
952,WeeRider6244,R4kOI96HLAfuT52zGY
953,EasyGoingCopy50,JKYwJ7mlPDfpuM
954,DirtyPrune3325,WLM59DoIVn
955,OrneryPerp705,sppQRPutdxa7S4Wp9
956,TrustworthyWeapon,8cD35s
957,KnottyMalnutrition1673,Z1bTn97irD5KE
958,MammothBusinessman0,V7Vg9UzoUpWoZ1Eq
959,DazzlingEpic,1lpY5QiPNexsX0kRC
960,MoistLand28,u2YePDjU8xf57WluKUx
961,AdoredCreche62,xFMCNhH
962,ToughSuspect3,r4hvgte7HeA4YYS9kg8
963,WellMadeMouse01,dSmzOOKly
964,GiftedSlavery926,W92qXEzJ
965,ScratchyPacemaker,HSBwws5HAL23oNnpmtk
966,SimilarMallard603,mzqDzw0xSa3tpMG
967,CheeryUkulele,wehigbl8jw8
968,PerkyFold,UDQYelsMI
969,NaughtyDaffodil3,Qli4NW0D2dN0J0f
970,IllFatedPantsuit66,1qocWU
971,BlackClimate,hfeS1zq
972,CulturedSoda61,3q3WdxdzZ1HapE
973,LumberingCoincidence900,kdWtbbpxq9J
974,SpitefulFoxglove6538,V3qY2HN4
975,HauntingMeteor371,ZiV6srSM7N
976,WellLitPresentation125,rxiOoQw
977,WellWornChurn9,WA4P8G
978,VengefulHood9,sOaIpNaTO
979,BelovedEnemy907,CEo0PMiUN9d6LF5ECuo
980,ImpishTravel,MpI0mJB3
981,UnpleasantFuton6808,KIjBq6xSd
982,FondLiner945,Cn3gqBQrXOerDss7J
983,GruesomeConfirmation,w32Wm9cTTu6rjSId
984,EnchantingPalm4,AQxqxhlbEH6rcj75oT6e
985,ShoddyMixer1197,YOvegeu
986,ImmaterialAfterthought,tBCyFN5SZ7LIOZ
987,RoyalBan48,0ONZPr9p60jY6VW
988,MushyLaw1731,ttCfCvWfrsj5hnKlKRJ
989,UsefulCanoe,xxw8cxvOPjUbvr6W73z
990,LimpingLipstick0731,AcPB2rQKVjPMO
991,ImaginaryMeasles9765,BFA7HMui
992,DeficientMineral9299,nluRuLzFMKjhYUk
993,SelfAssuredAdviser26,Ox1Qzz8ySUNlAf
994,PoshEnactment0479,Lku5QBLfEB5X
995,WittyLout3,WQx7B1Mj
996,AgileRowing7,PrLIHKj
997,KeenCough5214,DokCnOjwcDVPPEtPO
998,EntireMajor,m6Purydw1o2CqKq4xH
999,AuthorizedWaistband69,AGb35PH
1000,AwareInsurance461,AOz96C5AuVBUZa
