SomberArray7,Opph3zF4mzZxvtI
WonderfulMeans311,FUUMkR26hg40g97qL
PracticalRecipe1,U8Utvzf
RemorsefulOmission1,GgLfLR
DemandingHobbit364,xVdnuTHX6a3ohKze0
JointJailhouse3,N2Frfx2pesrJ
WeightyFounding4,lvbtQ2cnJI
DetailedManner5326,U8V98pVMylsGHQYqKoXI
RedKitty73,DvyGnYgzPsFPed
IntentionalIdentity,hvTzLQYgmgWlEnqGnUII
GrowlingYak,vwE3ghrotrGURrrHH0q
KaleidoscopicGreens5,IQJcHpWhr18fgONoo
LoneRefuse6,O2FWgdB4FmqySm
FickleInterject6,X0ia1YrbK69aTqtr
NimbleLawmaker1430,SO9m8naPYeOmM
CookedParanoia5386,wrSMtLuU
BuoyantGrief36,Cwnvlq
ColorlessDress,Z9NU3nXlwjtLFwN
CautiousMultimedia465,Rcr5im960
HomelyStop,84AOY25pd1SyDJ8
UtterCentre53,paGpppFaziHG
AfraidInterior46,abonvt1
RoastedDinghy4326,hhoz6zicBrcfG9
IncomparableEardrum5,x73LpKQCsNcHdfv
CrispPrimate1,hHaTFoRX
HeartyCornflakes,dpsAszgfgr
Clear-CutProceedings93,aNkY7ka3
MurkyShoemaker,fBKv81B4LEb
VerifiableCrown,qsxEXiGll
SecretWine908,BZg18aQ
Made-UpFuton5469,qgjPXJ
UnacceptableHelo0,S8FwX8WwPKxGWsl
StimulatingRake626,cdbKhGmF2oxfj8u
NoxiousEarnings0169,foyuwGecZf7U
UnevenCompliment740,LyreCttIkxRe1OCqZsD
OblongProbation954,Abxpf0dPxru7A
EnlightenedMagnitude,0YDfuAi6KZvUkP
AdeptCorduroy638,4ZqJW2FWofkxliB27CF
AlarmedHandicap49,T8GFzAp3tMjvPUC6Uui
DenseGrade4,NdQi4Z9gkWh2LYk3tQjG
LiquidMilepost8367,z6Zz2STmej6zXYT
TriangularDoorway279,uOQwxnmpiiJkgQ
FriendlyModeling9436,hQwA7okzENY9G5T56
AbleRemark19,DBPLTL
JollyLiterate,N9RYL2LUj
LumpyDahlia601,3f5ZfSE97t7U6i
ImpassionedStream193,z21uzTE3uBZO8wwL
AccurateReferendum,RUouX02IgkaF4nAu
MotherlyGrand1,xpLXOyk
Well-DocumentedBanking481,pJSUfgwcV
ConcernedPlane938,P2UCw9TtLv3meHrVvel
WarmheartedCharter3068,i4UPDCBfSSMfl
OptimalCaption504,kRd7EcTs
BuoyantMachine0437,t2g69qic8hVwrzfvbeRg
NotableStudent,YYq3DI4UBi3fJl0wBF
NauticalPoverty072,lzFbdX
FreeExplorer242,ezv7Z4nQ6lm
WiseFirm03,Oeyo3IBTgfZtsbEJ
DistinctHaze05,mjerXBAks6IBX
InfamousProtocol7592,BIA04f6h2PC5L
OilyLifetime159,Viw32echj5Qsh
SmoothGenius0,HITPPb3YP
FeistyDetainment070,GFpxOpoO6P
PhonyStandardization,lJfmbAnxR6pRHFmHaJE
OpenAirline2814,GZUhIUZdD098QKxSL
BothLast5690,vzknnt5
FirmMinister59,c9I0FTkLXGF665
ReasonableConception,bRF8M9dmsDKF8qj
TidyAllegation,RREYVQqT
ConstantCupcake0183,bS3FVuxkJ
BarrenHovercraft675,NRLZJE3
BriskAssembly47,AbTjpfocb99PXQ0
UnfitWifi,CTpwEtcdklz
PlainRole272,qMgSAYFyqZwsEB0Z
LopsidedAshram278,9T7WOaT0Z7TcPx3DBuuz
StimulatingGlee,vRR8kaiTymYAQ
IdioticAntecedent89,A5F3BPQMa3Dy
Well-MadeDie,hpJsEmYmFf
DownrightBreakthrough93,R20B8N63q3
ForkedInstant1575,DGQBSSJhWdpkvM2tBP3
EnragedSheep2125,VVKUu4ktPSZr06lW
UnpleasantLiquor4693,Jfj7A6jEv5Hn59
VisibleVolunteering,RuE69z3ST4ya
SkeletalHatchling0,e7VbCtnggCS
UnrulyCurriculum7564,xtdQzoVFRnihNDKKqU
MatureBlossom7518,GzXNZqkM7U24
CuteBitter029,fNbsc9m8W6thI9FkNh
RelievedNightingale9478,p2ATnRS4MAIdWsP2
AdolescentTaco2,eDbQwtA9
MonstrousCourage146,W9YdeaznXngiWo
HarmoniousPole944,UJ5Zg76aXz72j4WXMSJ
QuixoticBand94,mTPz8XRatCgD4M
DazzlingExport26,wMG4R6AIN
BelovedAccusation97,VeqH0qwSeUG2
SmallJunior79,VKila3c7
FrostyEscape7794,awH6WwzqGrWO
SuperScaffold908,Sw2HsoeasqgS283bJYt
NoteworthyEmployment43,FWb50Lkx3Eoew0
HumongousQuicksand7877,52IkT2IDUNnh
AttentiveAssistant1,DTW2jUvN
NoteworthyFlick,gepUYWjLhBIWRjKF
SwelteringConsideration220,0zTUNND
Big-HeartedBurglar54,MjHzmk8552WVNWSnz4Yq
QuintessentialParcel,dY0Ui2XHucKBuhicMJ
TightStrip9142,ioudqnK6f1AyqB
SpanishBout6874,i4UtHGBWnb6Chs3OvF
FailingImpact,pOKLmFgDXaPEqvXu
BogusFragrance29,oMrOvDjMLZ6IXYN8yf6
UnwillingMetallurgist5,nY1IJGFDfWuxP
EuphoricClearing,YBoYregIrA
Well-OffSand2,meEsZEFSFd9
AnguishedChecking0,fz4L3afFpaUd
DistantKill495,nSM4sFhco3sgOvuu73kQ
TrueAttention7,s5TvlmIfF8aZIQnh
OverdueStamina14,QLTQ9tSoG8ogVweWOV
BestNectarine9191,nFQGnH
ImpassionedTerracotta25,mikfcA3r95Zq7o2DVD
PutridMist2,OSY5hUlWfJH
DownrightSilence968,soPumREMwbaoR
IgnorantMilk63,Nm6E1pklEihGZEA3LPgA
NotedCatcher,ZulkdxM1RG0k
ViciousStrawman1,zHIOW9Aw8tKetArQ9pg
MixedUsage6,tmduKFgX3DYALfR61W
IrritatingMoai1,5wH19xm0p6q8hCzao3c
SlightCorporal93,t7e2eV
CriticalHeater4046,QVtdJdfVj3
OurCraftsman,LpQlLC3QgDr7PBagQvP
TalkativeSinger,FvEK0jo7YfgJVlOi
BitterNotoriety5533,jd5U5YlSpbqa0NAabBR
BossySafeguard53,4JP5qp8AfKah
SleepyRivulet598,5JA1tzODl
Jam-PackedSourwood78,pZzS0dWRcw
LowAftershock8,yYvXP5NRO
GlossyTroop168,qSM4Fz
CoarseBrowsing,In1WQcBTzccVo0ylh
SuperficialCot03,6DfBIky5fODaB3fF
PepperyColloquy,mhVa9VUdn15v7YzUd
TimelyEjector84,9UwLTywnRSX02
FrillyDeadline,1WBNDFrh6ZliD
OutlyingZephyr3,J5HpXWHFim0IJ
SoupyOutfielder7563,UJO7dZIBAMvhjRVly
OrganicHuman66,wfnoCjl1d3oVcGEWX2
MasculineNit72,dhI3qoeP2R
QuizzicalHovel739,MvpPsN7fb
OutlyingShift42,cX1piqtSmbg
WetTailspin558,K1LDTb7LmTzDqV
HugeMisfit9218,k9QVcBGy2bJniaR
HastySampan81,yKUePR6MTMTk
PriceyDigger779,Bkv0bzbprXipqZXnCFLo
FelineSpeculation350,1Zy4IYMbLcRxqwG
AggressiveMigration2256,Sfv3goK
MessyDrink8,jzNwwby9Sne4tIIw1Mad
SilverNudge09,M8dQpRfP
JuicySpecialty418,IsZA3m3
FinishedSwan,ks9PMloDp
TriangularDeadline,zyVEs2KmVZ
VastRock,FfA6uRzEgb7
DefinitivePrize,gBagno2EY46
DimLiar9,sSmUhOOgeGWyLO
SpanishBias65,s26niOV3UyZsHZmtH
ComposedJockey,fHjAOAo4z5LXD
AgreeableFish626,ddBPLSH7P
UnfortunateBehaviour0,PffPqaP
ExoticMachine83,pw7DkoPy3xNHw
FirstInitialize8,YlSxirftqGhqTJvDnZX
CalmPhilosopher18,OwfAUhWSxfW5Lno4PkN
CraftyScorpion,2csPTF46YIEXBa0qCIY
EarlyChivalry1,jzPxjzJCJHT
PeacefulPeacock0,yzLydn6
RareLung16,9nn8zmP
PastelMovement7,ZgG36SFcdEoVlDs6m11
ModestReserve9,ZrsLrMl
IcyCelery633,eTaNZyeYrFe
ProfuseRostrum554,MQ8vajGbigVtL4bDzE8L
VigilantPancreas3,YbMuxeozGK5QpL
EnlightenedEfficacy3321,2VwyAQ7D280
RustyWidow96,M04fYbDWiDd2
WittyDisruption9384,iTpxyMJObBfFdKWoWc
HonoredPoppy75,Czm0LrcqVB7EHQUr8t
GlumAcknowledgment25,TrBtEnZh8h
SophisticatedDiversity521,WMoEifLOp9mt2MK
SugaryGreenhouse,vMHl0Y01G5s3q02h0f
UnsteadyDurian,JhPkzznu
ImpureFounder754,SWMIxWUqoH
NumbMother-In-Law8127,6WKifjCiBtZ6GE4ogEUh
OutlyingInk66,UklUda67G5fIRuM2Lc5
UnusualDisruption553,65cGxMQvJFLH
TintedRow743,YPZV2P1XBzAPRq2SxEjJ
RigidInjunction4,L7VbTRXb4
FancyInconvenience,lIU3UGiOVAWLHncMuF
RepulsiveAccordion5266,AMYiCwDRAqtFLAfiI
NuttyBarbeque,3pnoSef
StrangeRubric35,QqPGN7iOpgDCyuCJ
HollowPossession4390,XVe17Ke
SnivelingVomit7645,aHZCO45JQcJ7SL
StiffActivation27,EMduVVZNiP
MuddyMeter0,EdhYoSroWRR8Xu
CourageousPin8581,P08vjJyI
DrearyBout7,WioO3I1ia
WhoppingGraph728,V2HBgQVMdsXMZi1CABu
VirtuousStem5,KyxdJWldFz4
Old-FashionedCandy52,RItQNL5d9pixYG7
FreeBreeze2,02HvKV5LrcUVV3mv5c5
WoefulKendo80,fnw53G4HNOWaC40R
EvenHermit32,QvRfOxuhLkAeRa4k73Yv
FavorableDownforce820,XCKGBo
SecretCot1,mFjXftsafR5F
YummyNursing1,RHSxVB
HalfDepot29,H73pvna5b4Q0
MindlessWafer4567,96ZuaUDro5uK
TediousCarbohydrate,LsBMdTQ
YearlyPhotoreceptor,6AbQAqf9zBFHy5Fx1D
DistantOctet7699,5CVGmoQb
AgitatedGnu51,n4hkWOW
AdolescentSentence316,RRY216kqEUBVwNWA8Gir
FrozenSweatsuit406,HVWQVlnj8
AjarCatsup,G3o22W2kCqecfbY1q
Well-DocumentedGuess45,wj4poDrhxRgZR
RosyPlagiarism183,496lQxtF752M
StarryLust8735,TCfR6l1kXZWq2y9IojQH
PlaintiveAlfalfa7541,TZIKPrJY
GrizzledAirfield6879,j2qZ3V0
UtterPelican267,AIwMAzPXpSskxMMR386
ActualQuote,k0uvprPgXghsAjWvzyx
NonstopHarmonica2,YjNKQHtBe
WeakCollege8672,xwcVB7nb7Ua
CraftyDowntown,j8OswyW4Cbj5sh
AdventurousVoting35,dZ61kNN74VdQ
PepperyPlastic07,pnw9GDkSmJxHf5l8K0u4
FancyApparatus,kBAX9x
ShortEditorial588,PWWHF0h0
SpiffyAttraction1426,0eJbm9
DisfiguredScreamer7508,oGdj6ZTrHZ7u9N0T
MessyLittleneck4,yh73dEn7bkAutKE
SafeIndication,OiZsD89
AwarePeacock,tT1G7znvkkQFrHm
StripedPublicity,GtIWn5LvVmi2f
ShallowEditor2377,LzUOI4hQh
PleasantTerminal73,gKWDIplu5qCkUZ5iZ
BlaringNucleotide0429,m0R4TonjiMGUkli
PepperyHygienic5089,JRA2S93Q3tXxB
MysteriousCommonsense6,4gj8upfgav
PaleBail,a8v4XgKds8U
RemoteAtom69,hkOr7KFwDpnJOq0hLZR
HeartyHandgun624,GM4d6THW5dSZxOW
FarawayMaiden206,agux29swqqGXuXh4Tfy0
FlippantVise0,or6Oa0sf
LovelyLounge,C4SLUhmjyobBA
FavorableHourglass92,LnM3hDOqUjlu1O
AuthorizedInstrumentation,7wvf15Vb7bF6V
OpenBody548,B30FN7L
KindlyChalk97,Oz1PQbhiFb
ExhaustedChest8,d3zAAebUIahgijij
ElderlyAperitif8,FWpMWjWH
UnsteadyRouter163,bUSuz2tBbPTbN3yjRFS
WrithingNightmare,UuMaJJSO
KeyLimo1945,dNDPtWUiQQ7
FineAlpenhorn2,n064K6JT4DRS9gPEmrQ
SphericalScholar0404,A68eoh5UtZ
SilverBankbook9979,qUinLoyRcFopI50
OtherSailboat07,h8qaBBc2b2em1fqJX
VividCop812,1CuBSSyA
FrighteningPathology5,9ukwzFIQ9TzDEE
MustyMarxism892,SCxYuquCncA
FirstMastication968,Hzz5u4pBeFUx
YouthfulHip1218,ByjS2dTVr
MinorCrackers337,CjOmL7FsrKh4
DentalKite13,jI3rVl
CrispHappiness,wtNJC59QJao5Z96gS2U
MeekSection4,tvrVxW4iT2
HumiliatingLeverage8,aTQmcXW4EYjeCmCn
RoundNod3,CQGT28CVrKn6
IntrepidMist,SeL0fPMiz9r0pK
PleasantBoatload3056,sTOhW0M8SBsGr
WaryRisk04,F1cIYkUd
DeliciousList25,ZO69HmX7skwxvT74jtjT
FortunatePork41,hQNNrxaqv8dWCs
OldBargain,LVFDYBKzqTCpb3k28
Far-FlungWaiver221,JZwdnGGVtE
ReliableSeashore6424,lUb0skxz9vnJ
ValuableRefuge491,7pwVTvQ
AdvancedEnclosure391,YyG5zPDd
WindyLand,m9kQKEzgm
ExcitedOccupation,huY6vo
ShoddyUniformity6568,giMGQjt
RunnyAuthorisation3,GBvpbO9E
NaughtyCarotene833,1csXKfpz
BoilingRye8,O7rWPq8AnTm1hk1N
IntrepidBeer07,rUMALv0Jcc
HighBeast,fxE4uaDEqJrkLbe
CloseKitchen7349,QjqwqhfgI2ItqF2
UniqueHeadache00,hXeoAOBd
ResponsibleSunbonnet6,Uou9CgjIu8DRRagk
AffectionateInvestigation8614,Vap7lRB6Zy0pRb2yIJZ
SlowSalmon1174,FTOY42uR4akKLQEx
CookedOccupation9886,WHC3sJr12
TintedIntervenor276,TsFNpgQktt
TerribleSonar8,fe1XmBcuOjN
FragrantEnigma4,vK0O06AgK0j
ExcitingPalate9544,0y38BO
UnlawfulInfancy52,laxkIKlfHiK6qYb3
UnknownSail,XbfxAR3mq2
UnfitReliability10,pLRIM7IgOr09V
Ill-InformedThunder90,Xl4Lal
AmpleCause634,M4EfFJxq
IncompletePopulation352,NpG0A63
ShyHousing1066,bKXgOoV0hqSndc
GrowlingCivilian,Ti8uN2CRp5BAdTX
OptimisticPatroller000,YQN9xtqpiyOU
TwinDress,XLAoWpnvhKRObzey9jN3
LeftCayenne006,g0UBScrO
FlawlessIdeology44,edsG2BpP
SlightMile,TDnDpG3Z2mrsK4O
JoyfulPoisoning5764,LpzvQhrStiUqyUK
MarriedScow,0FzuX66b3h6cUna4uQ
TurbulentProfessor,NDXbh5
SpitefulWedge60,CkOteBCBNS9J
SoreTadpole4613,RQfnAKuqupjT
BogusDiagram,scAb8XGnYT
DiligentPheromone56,scL8YGgSdol
ClumsyTransparency1984,nBEBbZO6YzmMGag
ImpureEmanate5,4S6g1b7J7Jjyi
FamousNetball5,Sb3sETjwc3JXMh
SparklingCurrent6495,U2NQwGMO2rtXF
LastWeed,xxqxMG0zMn
ForthrightAide,46F31evNynh
BouncyOperation48,AiZQIO5VJneyuQ9inPIf
DecentOffence7,NRZ3lGBzJDw
MulticoloredChurn0,vx7PQyTNU
GreatChuck,w89QdD7XB97jT
PersonalSitar56,pzf176w16vxRnTD
SoulfulEnvironment39,60WDiBKuDnA
UnawareArchives,YR4heKwK5ize
PracticalKitten894,MZF9lV
SeparateRecreation6,hZ9Ae47
MuffledPrimary,jStPGloosCpg127Hh
EsteemedFuck,bzsGf5A7UWnGGN6jbXYE
ComposedModeling49,rQObD3Q4vwcu2cgrylZB
BraveWine,LgvuM9PH73Tffji7xxZX
ParchedAcademy04,Xs8ggn0tOOdHH2w
WittyGauge,AgO2AQ
GratefulCriticism,Jn20flQy9ou
LameVagrant5,lnUzUwJ312fKgJJ
WhoppingThong342,N9Re30Gi0
DeepPleat3696,DYzy6gI4qIYg
BaggyTraditionalism637,bVEGnTUrHXk64arLN6
PushyVignette,WJ5QvS5Dp3oN
IncompleteBarbiturate,DkooCiISaKf4emrg
KaleidoscopicJuggernaut,TvG7Zzo1K
UnfinishedBasketball9527,FPdsbjC
RigidDynamics0,53P3IRjEae3EkfF9
ExcitableWest715,mLalGLyCLottYtt20vx
StimulatingTerm6,6ISBFR
QuizzicalCentre1,fIO7v2G
VelvetyNegligee192,xMgszZm4Dle6zx5aCJm
JadedFav19,4SSggW9
MistyFeature914,1THBq82jmmX
InfatuatedLaboratory091,Bwi3cEx0nKssn
HandmadeGadget5,YenbWbxfWMQQ
BlueRuin4,Mc3NVv
BubblyDrop629,KQnneJD0Blb4OsCkm0S
GrayEthyl297,1VOKRuKVI2btP
AnxiousAdvance,PMR6HE1j2UzG5EIL8Fx
HandyBomber,MvqWoT5
UnrulyTest8114,aa2SPR2Wus54pGL0TqlD
VerifiableSkullcap08,Pzywt4oxYzKRN4nwn
BuoyantElderberry101,1hKYWuQ6h
EarnestMiter1678,3Vp10emmr44tyf
UnselfishNursery738,fkBglK16tW525yhzcW
OblongTwins3167,QUeSrkE
AwfulCrack1471,SvuVIn
CraftyNature916,wUpnhiEwM7G
EagerDaikon,6fZ48BeiOKWwJb38RO0P
FrozenGradient50,CJZ26aOVRIyopQnPzT
CooperativeMarkup8033,87ZxA5Genc0iez
SnappyConspirator39,Lj2LJsS
PastWidget15,TBWLYJ8iPkto2SV4UM
ToughEpauliere466,Uj6MWysw07H
FlamboyantGit2,rOW1uy6Ix
ThisAntennae542,gLkvcttgRgA1eo
SkinnyReverse20,r6gylE
OurRaffle54,EaJdMSLzPHj7P
DelectableConvertible,rsjALJa3gfd4wI7e
HandyEmotion,RB6nMjxmK
LoathsomePink062,Hr8pIPbjh
MysteriousEndive36,skvA7AR
RealisticLife98,JaFDxQtDT
FondMattock8073,SI4Cpv
CircularCement8,kJEwdkO2A3A9pTQ6q1
WorseGrandchild112,kBGxp8x
HelpfulAside96,XFuS1CmSoLlayZhU
PrudentWire82,iHRm46xEROT
NaughtyCrazy81,xUBB9W6nRFW
ProudHearthside541,xceM1nMkC2oVEp9
LonelyGodfather18,4ew72f11qD8lRlaUV
GlisteningSegment39,b1Tr3KZX3RB
UnconsciousTypewriter61,v6iCPg
UpbeatSpecification8,3l9y1eyUTqRbQzIjA
KnowingDesigner0897,kWN5aey1c2
PricklyCarpet4,DQfJV1CFBzojiWw
HoarseCation2746,P6KxYuUVuNmFfhvH
PureSauce37,CKSJqiklsEI
ShortPlagiarism1862,YaKPM8A5nrq7QAbVu9
StormyDestroyer4131,W9uTgPvaF0dkU
BreakableHedge5663,wEHI1PDCH440Y
NimbleKitsch96,E8C6TSIwm
PoliteGherkin52,rdfzrCG8FkAQHP0m3StO
NumbMinimum2,lHcopSzIK
ScholarlyAnimal04,WmEuJshGzN3L7uwHp
LumberingAdmire0711,fmwTp1JWYREJtcoq
NiftyRescue4206,ZwLwMkaXfrmYDkkPvmxH
ZestyAccusation9794,iJecUbdp8q
JumpyCircumstance,mY1Hx3Y
SpiritedHead1,NRUVRO4LbQEYPNHNmMKE
OverlookedHeir10,wYBE9MyMavEo6LO7X
BlueFramework,cqTNQWUy18MrUov
WretchedBirch2449,WjksFlr6x
UprightCurtailment441,eotHf82A
DroopyPizza133,ZG3F83Pwr2mfpKE
CommonGraduation784,sgCHCs57p1HZlI
UnwillingWaste394,wtvapXZN4sBBA
NormalColor0102,Hl4F0k4usqnzWJa
Well-WornAide295,8yrfilYCQ3V3ArhqTCIA
WingedBurglar8,cyapbRila
SeriousPicnic56,2ootYcws9COnYLA
FavorableCongressman6,OopaQptI
CrushingNonconformist4,WPePO9UsrzHxOh
IcyNourishment,JAxu1YnjPl91S11
SpanishRoof,9iu8kptLz
Short-TermCrisis68,PDoCfp4pWhGVe9JMQe
MarvelousSleet,Czd7qx
PriceyCare3,hpsITTZm
ModernElderberry172,aSoIJiQksHeEmCSN
AchingTaxpayer6454,jmsf8iiMXw7xan
UncommonHistory216,gdtsyet0tB
NearEternity8,1HtCicUly
ImmenseProprietor2627,fgl8nFFzuKqUPS4ava
UnconsciousTreasury3,MYukl57XRP8
StarryFitness0149,qKQX2WzMi9tqfrYQ
DamagedHall,FNSouYIkYZxP2v1rr
RudeWiring0,OtUzgbdb2
AcidicElderberry9,P7tlFnforVXcj3A
NonstopEffacement3137,3YXa2Cw
ElegantReorganisation188,o6gbdqIEFz8Chm403LY
CumbersomeScissors8,df64qfUe6
RealMinion5687,kKnCxmgImLRDBLfIJhf
RegularDame819,W3M7cAgNScyQ0P
VacantThought6214,uy4qcT4QpmycmN
BustlingTimeout,UNtcj20AA
OrganicMigrant,pxxaD295hF
SomberWeakness20,CHJz8VA1iswUD4MHV
LikelySentence709,M8xyzBXNhag
SimilarSociology58,X0yXs3FqvBN
ElectricWeapon,hZYwCB33jLz9949w90B
PoshBaggage6934,VWj6dtWPV54TT
FrillyShrimp550,xaxYYyO2gKRj4zIDVFb
Hard-To-FindBeneficiary06,Nv8iyLdwu1BsLFGm8nrE
StainedRepair366,wach95O9
FoolishObservation266,l36UygWGJB3vKYNtWp
NervousCosset640,qha62Kudrej
NastyFrog5609,TdatTJguoBy1QvyP6C
OurApartment5908,CqRLQEXJyTDpYZOJ
FrightenedRhubarb,oB01ZqC0sZm7SLzrzhcb
BuzzingSpawn,4DP6LVmr
MeekPossession937,DLsTBoSkuEc
RealKnife715,uYAg43q08r
DampSickness9479,gf1TaE9
AnxiousStone80,x9nsvbcmbg2
UnacceptableIce66,yGSXKi5L7sfBNf3LCV
LovelyProbability12,nLAmPaYQzrGQ
MenacingAssumption84,xg2td8t2ZXfZH0225
FumblingClasp1,aUWCqGnvg6tZKq5
UrbanWaterbed9223,qbuxFV
ShrillThunder8669,Htou0kIgfHEk
OvalCondition639,I1sQq52kr7WHM8choGF
PointlessPony,vuwqAQoDnCkFJKI
Far-FlungLeprosy726,JNQcsAyrYTi2BGb
RectangularTransport7,OLpMYiDgviaz
DrabPimp295,f6k0L1nLPDvpb305x
WorldlyColumnist0888,yJBHXZafP3PXg
VigilantGentleman,qIgL0ceTaNbRvO
DirtyCompress9169,Pte6SjhJxuLTXnI8cCI
CookedPhilosopher440,wmXLL0jRhXJ
PlaintiveStatistics310,TVJaXw8pcY3u
ReflectingMoose75,hYbFXLCEGxs6HS
StraightNickname4932,ZPJCTTSwbI
TastyPresume613,XJC28h
VerifiableWhale8886,vSR0osG3PQua
AdmirableVignette24,9d982wCq
OrneryCappuccino1625,lnn9Nt68os60qefGsbIN
CourageousRetrospect47,lUfzaiCGfwVLlaYVelKP
FailingPlatypus302,HdIINdsYuhJ
SoreDigestive440,vdptvGRSLUU6suOh1
SneakySaucer585,TQjOvRWTClyozxU
LightOutback6,a0kD1l8sl0rBfU
TheseBaby5,x4Guv11AhzkoxfozDQU
HandyHabit,Dp7BqHz
GleamingDedication48,gP32jkhVfKYYbVsu
StingyNiece,LNkMoU5GSuUWFjC2BZ
InfantileAttack,eX5Ickbr6270
HideousDad7,K4MoPWnu
StableBibliography950,mrGnOjdiDg3F2
PristineRoundabout,SOBKZ47o85UwgOuM
RoundCaffeine,QQSjMTsxxdql7Y
RottenSinuosity0340,RAnNgDA0jT8
CheeryMillimeter1,v9jQOH2e
IckyDeclaration1145,pmouvqt4Z
FatSister-In-Law27,F4ezT8l1ciHvhQQ
SquareInnovation141,KryWkeVPpLrb5JWQ1uU
ProudWarfare,KoDhoIoUuVkYJ7TA7vr
FrontStealth,GE1VT1wev
Self-AssuredDiscrepancy,ARPdDZw46vH3idxCDQ3O
RoundBathhouse72,6v4jypR
TremendousEarth,enF3lRNpXnPg
EasyCeiling1162,5UbTnJ4sa9Lk
StormyPrimary,5c1i52FriTuRPJhNb0tl
IllegalHay2,jKk5fgZN5RZcDGR7
GenerousHistory0837,ZKMpqbF9ef23ZdR
ElegantRhythm,fRhrPZ8QpsMGNw9ttN
ViciousMangrove166,BF2e6y8XLMvT5ip
NecessaryApparatus3,Yl9BUna9QMJSbo
FatalParsley1,uzj3AOCeoZQH3Q93j
ReflectingLimit7703,yO7EyQdsT
SecondMinute63,eQqGbwE
SphericalPlanter,MJqMw5WQQ74Oaej
AveragePoppy454,xytwNTiRHtU00FOMjG1x
StableHomework204,x7AP02Ea8bqBke
FrillyPickax027,BvmnJPZGvFVgyCxsZeV1
PossibleSuperiority60,Rm3rbNM
IrritatingPollution,NmckxJqsx94Z0qfAfnz
VastMouth5111,IdM36gZ3hCNh
ExperiencedWarning348,VcAzvzI
PrimaryPeanut,aFLb9998u
ExcitedHomogenate1,lZx9qJfmpn
FavorablePenguin2,O0iuqzLNnEbJgfhxJ73q
Clear-CutInspector2,43Js0EOYSsUcO
LovableBassoon6797,z4Yqd8gR4ZF
RottenDill4,e28cLLhDGjpY5AY
PrizeTactics425,BhlBzNoC2
OverlookedSneeze945,n8yYP3R9ewJZLqZvWv
AdmirableScheme76,7099f6WxWrMc
BoringFoal5,G81RyeIbgnBux3C
Ill-InformedGrandson,ZcKYyuNqT
OfficialAdvance,ehAxRliWsUvshSO
GentleConvenience7138,UDQ1rkXr07mb2dr
Easy-GoingBattleship,fVhmQvmM1kwzE
VelvetyResponse,1QLpixH5lOMGAX
UglyParallelogram11,FEtrTs1OFBVBOCbkwmw
LavishRecipe,7o85afLnhc
PhysicalBathhouse9121,8XObGWfpqm
StingyPrivacy8864,O4wjL5mXCZB5r
HeartyAttention9,Y85mHg
ImpurePrimate,vFH8aa1hq9QrF0OFIL
GentleImpression77,Spgy8IveEO70k9eev
HauntingSurvivor5,ML7nfN
UntriedAccordance3,0P8EoOTTnqJjOS8XRi
SmugWish36,F15dDf0kIB6F90uCqeI
AntiqueZebra1,Vrf1RpcdFqE
WorthwhileBelief78,B20j3D8Nm
ScaredWidget8,YYJles7U0uTiR3Q
InternalSummary2910,D8yqCTsmVyD0
FavoriteMantel58,HXRhuAD0D
TurbulentVoice318,bRS53P8m
RipePinto2437,uy1ETeDpvu2
ReadyWing8014,CV2cnhzMnUghtUQB
CylindricalPersonal1,R0x6yS
WarlikeThermostat,1ZuJ3kxzliYXY6
OvalBeet467,cRDJibjip
NauticalBuilder1390,X3dZ0CLeTjmz6KMfc
Easy-GoingTon8535,g6DWzSzsBqY
ExpertHorst811,kCGt181lFV3dARk
PessimisticSideburns352,i152MRRn
SparklingSatellite8,HEmXaq
RelievedFreighter72,pTUbB10syytGUAZ030s
GraciousAim4712,3qPMGPQp7I9L
BlankStar3308,XIXgFVQ
KindSnob20,Lsiv0iQwzP
LiquidIntestine25,Q29PDVZbel
RuddyArrival,dXaU0uOYx7Gj1Gd1tJ
MadFemale7364,ZPE8X9LhM
LegalMole80,EWFyi94Smt8i
BlindVogue87,8JQ2pCMryspdC
ProfuseDentist,bV3ZQBGjvP
GullibleNobody3,OFTWmXbDs
GoldenMicrolending4,FlOsVG91MH
CoolAndroid387,M3hpl9L2LfREfw167U
ExtraneousDocumentation8401,fy1DG1xZaDQXN
UnacceptableOwl082,sLroAmPBACXFZK
DismalFood4,57W2ZMPHmcsesY1JlsOC
ScaredSnuggle78,cfBtuKjOENCvw4p3K
StainedCreditor8252,GQntS3RJkUBIfD5H
RudeSunshine25,7Ga1fubg8hirE
PowerfulEx-Wife615,ltWfC5wtzChDL
AgreeableGuess726,fZs8iHoLWtQqqgGo
WorthlessValentine,acvB9rKrkWhOcozkorT
MortifiedSociology021,neAeWdIzgS
IntelligentFisting,874BT7YHScIlv7
BarrenFunding31,jrJrjE9V
ColorlessWhip4731,Ut4s2eyXM7po
WatchfulPast1,kZdD4HqSN32vEvi
VigorousPiss0,AVCeDcZY62s
CavernousToilet28,GtPtNA6Z8l2qVTRhou
AutomaticMatrix5,DO4wPRJKDaC
WhimsicalOkra1,4xblkZ28kj0
LeadingCouncilperson35,9p4GHTt
SmugPith0,iF74ujudN
AdoredCollege52,HVZ506HGMPRmi
AnguishedBrisket6,mshex4dyM3ScCXs
FrailPeople83,um2WA1QrGynDPE2sF
UnfoldedDisconnection9780,SVUfCZMXCaN
BoilingDrop144,l8N0DmAs4zDDIB
DefiniteWorshiper48,At8bD3zbUeI8Sqj0e
RewardingHardening5,veXh8OOpM7r
SweatyUrgency2,niItCLf6HSu9U
NauticalHard-Hat3470,yd6x2l
QuestionableChild379,mOFiLSTdW
FatalRemains404,UfL0uoJUsf4NHP
BelatedReporting7,btd6QNn
AuthenticNitrogen,Y90K8BuNhRWx
IntentVegetarian371,oHT376KS61qg
MulticoloredTypewriter433,hMsdin
PleasingRooster2646,uu7IhD
OutlandishLiterature8252,PFe3H2aUEoSy
FaithfulEntertainment57,N89ekgBcuvH4LU3vxV
ChubbyGirdle68,5kmfGze
TruthfulGear1,hvksB9PQe0rrZQUz
FineStandardization1,E0DfoH
SlimySqueegee692,uznfDmgr6Dg
FineHemisphere3,d24whHGrJuAcsYqolU2d
ThickStrawman805,84scSml7hwhyQBwr
CluelessPrinter3,iewW1nafCWP7C
GrubbyPitcher8917,LNUMLCsrIm
TameCorn0,s66M6avsbjbU04
DecimalOverweight2043,4Vuf4wBkOgVYYt
DryPeony6,PbxfBe1km
OvalStarboard4,ZKj5VsSeJw8jpfGw0h
PrivateAllegation64,QVZJQnW1xVUlGgjKa
UtterAwareness2,aqN0XMMCoFPpU61v2LNU
UnkemptPinto12,Yn1fsNDo
MasculineBlouse70,AOluwbE6TlgJ4d02g3
OrneryProvider5988,4qJND2T6
UsableStaff,ESw95L04UK2wmD2wVCyN
ShabbyPetition,X7Qx8QZfZ3
GrouchyMime75,r0Cd4IcqWVNFVyfcvHEf
DifferentRenaissance166,bpjjUYuhoG4i2ImSSy
GrandioseAnteater5,lHpZJyQgeriSo7
CooperativeElectricity7,pGuXRBjT2QQS
WhirlwindFlower085,CfFgjl19y7M2p27zPc
LiveSubset03,vrOW1F1dBbQdSTTA5T2i
IndeliblePavement0485,fNtJON4vodyH97CAZ6I
LopsidedRise,P9tTeGPDoGr
SlimyMincemeat4,vkvWvL4
SuperbSlice1,Hp0XapMaJl1G
PlayfulDisclaimer7017,OzrDXTzpb9erZ
RudeReporter6010,QQmAfg2NZa3rJIplC
DopeyTractor38,QDvJvcOdlJfXm8
AfraidRaiment,KMqTFIMTT4
KindlyPanties,nXfwjnZc4gDNm
JubilantVacuum7537,3RQVdXKH
AdvancedCreation8396,GdPNRjeQXlmdapT3lA3
SpiffyWhale494,XUlfG1
RepentantHurdle5811,eGoSf0Yb
EuphoricLatter7065,dPNreI1QKfpRmmZDT5
HarmoniousCasualty66,uanb0KMb4dkYaME
EagerJailhouse8424,v4T0gk35WI23zn
AmusingSucker,gQBRI3
CandidForgery099,T3Y4aNiJQ2mW7GH
DroopyAmbition9,K5PrfLOd8hv2A9B4oV6
BumpyStandoff68,hNbnhZhfeCevMiH2
AttractiveBid,0F2vA7FnO7tu
BlankImpudence92,JVNFK3FNJM929dt
SubstantialMisunderstand140,7cPYPHaoDjPe
WeeMethod42,Iy94t7gRilApc9
KaleidoscopicEviction1009,GRfrDVWXav8Z7i710A8
AromaticEyrie10,fGMkbBkI0p
UntidyChurn563,CJG7NXtKbzjBA
FearlessPie2,JwLRkW9vn5GK
PutridNoodle600,s9mFfyz0vV
UnimportantDart8042,BTAhFynbmVDPIGlckguc
DetailedDoll43,XLq75QKtQGmvc5zw78Dh
BleakAdapter613,p05PSCiKhqSf
NoxiousTankful37,FSmmnbeA4
ImpureWoodland70,0MzkfF9S
FrizzyFundraising6738,pSdearT0hFhLL
DismalMeatloaf8407,vBlfFg4
VagueTolerance504,OSXF08ip8D18jg
FineAirbus68,6N8z4ZDDybuMOTG
WorthwhileExpression,OOc8N86Cp6UyauLU
FullTortilla021,scsnI8wAVhGhX
AwfulGame8,gScRtUOGyc2msj
KnownLogo6371,X2Quu4ti5dfX2J
LastJoint341,UY6eIhgJST
EagerLantern76,8Dzq0aQ4bgUqHUKhXSJ
HonestRise0,Nnb8xfF3OGGnBlS2Q
CoordinatedDinosaur925,cfoqM6HXVaYO
ConstantSweatshop1302,8YuxTfemLQmmYkPmfIpq
AthleticBarley5,FJBVoijHd7Zb9Hg9P
WorldlyLoyalty28,sgkTA0tmjley0
WiseRabbit31,aHnhCybo7nFuYPq6fNH
OpenRequest,6KLBGr
MediocreShark8,guhyE6kzTmuDzcdB8
StrongReplacement037,gndASQBG
InfantileComradeship67,KpF7CRq6hj
InconsequentialTablet0,ZPNjAKnPZYFaNe
ClutteredFreighter2,u6phoin1
EvergreenLegislator,230jcKBidyPaV0QSxC
TartMiscarriage638,pZd9YCJHoEri1
VaguePostfix573,7rxrSaxyG
AvariciousTackle5,8tbZYmKUFtEU
AthleticExcuse9126,PiHx7tP68InWUi
PopularDevastation541,SkbgH7ZABiM
PleasantPrune6,37m7iE7diG1V8g2hP
TheseTheism35,xI618hhHmieZah2YdeB4
FaintAcceptance3477,foFLGZh7
BusyManipulation8405,iWMinZktMNc
FabulousEmery133,27EcI8FHnH
DaringCenturion,zLpf9f9eLbj5pYULXu4F
InnocentLlama,qlcpav8kgq
WholeManagement50,aenTQwpmNTSGc
ElaborateWorkplace7,WvtT93Kq7ykKsD
StimulatingNibble,2pMk1bgnwtmhK5d1
UnlawfulDeparture3278,baXta8XNgcdaQiQVRFN
LameCraft,JSFVw9YUyyqn8c3NA5H
DoubleHeart-Throb,cTjUse
WrySoda,WSFKNMW6CJkpVcSmNA3G
IcyAmmunition428,cWiRKqahEARQa
DigitalSnowman8,3yI1X8xKQ
CompleteCommand,uPk64glN
AuthorizedNickname10,unyPYCyFtpOc7T4Ko5r
FastPlanter8,0tD1fvxVO
WindyCow5080,x8KKeC4l
UnfortunateSock4407,nvErryRgIn
StainedDesire368,oT6DAI
BestCook,iTS5S3zE8
DishonestTestimonial88,L3MMU4
VainBeat,WVoFzAzI5a0
DependentStress6,vwaQPDYVcf33V96Rk
DecentMango19,eAqNnAtXTHeZyURniBO1
LiveDowntown9,K28j2IxVqBmIe
DeadlySecurity64,TakkPOo2gmxJD
ColdSeaplane,QVipNlhUuFos
GorgeousConfidentiality39,IcwDml9H
FrugalCobbler999,EuMC9Dr20YVL
IckyNiche9435,oPDmxUJ
AdorableTransportation43,m67kPg
LawfulRoster2,71jaGY33UAYrYGN
UnwelcomeComponent6,Sr7lzz0U82gZh
RevolvingWing47,xFn5ZHRZIj7
HandmadePlasterboard97,B9wcI5XmB
PinkColiseum0,O9OPHZujeiyg4Mxedzj
AgedTension,8R5a4zFLeiIire
HumongousDesire4202,oBPN0ontUyVmOSW
CluelessExaminer,r0oJokvX
FavorableSwitching1793,ofVhtg3tuw7
OverjoyedOrganization1,8oMvHo
EminentFledgling,pF1jLt7Wl2BIgNxe
CylindricalPeriodical19,aMM2zZ4B
VigilantDoughnut102,uRtJA15eKWI8j8Y
CultivatedOcean8,gYiy8g72egcQ37Yl2p3W
TrimSavory,rN0rHjRyxSdBzdRYTeoc
Second-HandWastebasket06,CG9KiKKMvV
FlippantRider95,0Mf1EqYExdsOppScMut
TastyApparel75,X6nbnv8SpXlko
MeagerAssault3,xpm67HbXLOcyZXT
BigKnickers1,NCDXyXIvxx
FrighteningHusband079,pkAgODGUaWl
StaidJiffy9,QUvGUnJA1f6nuiH1
UnfitCodon035,AXcNuEZS2W8gvWo5SJ
BestPremier3634,wMGU0iO5
EmotionalLay440,JcRLkSACFiz
MilkyLiquid9,YAjE4za
AlarmedInternet4,Sib4OmfoLC2qONwusgUo
BouncyRanger30,1jd6MvhjExO5YNj
AcceptableCribbage9563,zLVCnrUXQrqy
BelatedMath,rDINPEUvUtf2t5bZc7F
SpiffyBroiler392,svZh6uP9
NormalGiggle853,2eewfGpLMb2O
AthleticDouble5750,A5aVCxFOMrtziBMIY
UselessHacienda8,zJoUEEBsmfOW
DifferentAsterisk9,GLfGrS2FQBk1zP3G
BigShoot2,YjffA3E
KookyKinase8,PqvRufEy9pK
FarawayIncompetence9986,M9pXjb
BlankLeft9676,IUmi47
RoughFreight831,2gZMRqUaCIL8kBn9Fppt
SuperiorBeet4,KtK60bJmK1t6Z
GorgeousSpyglass77,m8AqjiF
FormalVise7105,zq4Tm3vbtlGo2g49u6zl
RemoteCobweb429,w6cbacSnZ785XPN
ArtisticOvernighter,b13dgOLnRAvkfsMu
EuphoricSentiment98,7t4gdFpxkG
CandidBeach,e7nQdFetpbDaXll5
WeeklyRadio2706,StLFTPxc6O6Du4YlrvH
ConsciousOperation74,DL4hOmcD809BbiKh
VapidTrek0,IR63QbcLY8NWJM0kB
OverdueCockroach4644,Am7sMUDCPrY4M6
GrowingWax,HbpKtqJMw5ITBKWQhi
ModernTulip,VyjhnMrokiiYD
DeadBulldozer8,nEylIex7sx
LoudDevelopment,sCLscYjYuEUn
LivelyStain9914,t2fZopmUKtAxedhG
ImpoliteMuscle04,R3qNWASf4MSknuaHK
EarnestThongs5,UNxBL3CRXB6i
DenseViewer07,1Xz5wRgWxF
ToughHair2422,9pqShs
IncompleteRecipient065,klafdT
BlushingCircuit823,Sb3XqFlOvMEEvPVN
WiltedFeather73,7wfzhO8YFmvvM
ImpishSwivel1,pLGf56yeEGQS
AlienatedWave,ROWCBf3EdecUTW
ThickRuling3,OuMeaDjSl
EagerSac,yPY9wL
FullDiscount2,Feg1R9Dw6toIVTfV
TreasuredSavior3628,dv7mCD1VpvVc1sZ
BoringWitch-Hunt1006,eqbRoe2i1pjOMZBY
UltimateContact Lens,BsEfqadGxHAUKKduV
NauticalCrude020,SXlg6vyF5J1T9gSX
HeavenlyRye,DkEOeaBibpJFeAB
KosherDrag625,jsfvKOoanbCJk
VapidTrigger5,Y3vRfjNq2If
SoggySalon1,hWYFCSFer1XNocdzmx
CornyLittleneck,eb90lVUH2T
YoungCheddar20,9fkBw153
MonstrousImprisonment482,WlwYwi8wJr
EvilPublishing20,pSQWxBeGG63
SorrowfulGamebird,fDwyhE8
HealthyWax1937,RI9KPrlrDRmlBgJ
TubbyPlace4,MNsrIoFjtdYBzllg
NeedyChicken0791,aTkEfLDpJzFZzrZhmBe
LegitimateInspection161,lBmVbj
AnyIce-Cream390,0BusgpO
OutlandishOttoman93,fOgWFXc5Ng
WorthyOverclocking392,mZwB0FCbEMUwhfN
RottenLink3789,xmAPCAiE5oE
BlindPrevalence63,moSWsGGURoOm6a6eS5
DearTatami867,vHaHRyN84WYbjOBi0moI
FreeHospital,IOnaMGE8FmTpF9i40d
AblePhone02,apYYhjY
ContentCalcification296,NnWHU7YT5uz26Jl
ElasticCargo3827,Thpi6hzL5QurHFEQCi
LovingHomework60,L8klNwf2f
WideQuadrant6219,71SpUa35SU
ThickWillow,QxDxF7oxGJ
BreakableConsole38,mPotvuR23gSCLR
FrenchHeavy24,DRRQTsI89n523e4u7a
MedicalOctopus27,Ty2Y4GY0eZgne1dmane3
WiseCross-Contamination,z6rad77A1ehihJf
AridBathrobe50,tUJHZwr2N527Xf7Hiu
RealisticOptimisation1,9H4bn58
RareGigantism5,Jo4yNdfMBAvQO
HarmlessSlang491,jP5pbYBdub
AmusedAge046,D0yY6JRb8Yhhv7tU0Yj
AwfulBoycott,4JP6WejsA8ikj3e5
ItchyInvite398,wT27H7X1n
ImmediateLaugh963,tH3ZsQ6fR
GiddyGravy4214,4l05wbG7T
SteepEcliptic806,aNymFGN0QZ7H3D8
EvilHygienic76,YFGE7PMtV1
OffensiveInvasion5257,65t23xn4VBgMOaU2iw
DrearyMakeup0712,KcNHHsvCKVD7avh6WCYk
SparklingWhiskey40,JWL8yctjsGi3L5r
FocusedTube2,LRjzJYhGEf38
NuttyBust3107,AdQhUug1vMVtrYRVJR
EdibleDamn940,HmHa37ZMfB2GdXgdVJ
Black-And-WhiteWine631,MkOUTkkHcoRdVHf
AutomaticSynonym,3UBdFvcjUrihc1RU7
SilkyAdjustment512,83sJaGfV6wBnUy
FatherlyVein630,luJqCLQ3a9gB
StainedSnack5423,HncBQa5nTr
Made-UpTrait678,FbGlK5RoUzS2
LinedPromenade22,rknmTTMCwOhmL5XraX
FatherlyCelery702,aIxFlBg
ThatAmusement276,FMl5xnaJHhu2HUqbjc
InfiniteData6157,7DYVpRP6jcnsbIRTMyT
SweetAntigen6,YecOSpD1UspZIXv8a
TrainedBrownie214,AHMj4g1jc7xKst
WarpedEdible206,2ZjGPgDTz
Sure-FootedCard46,eYRK4t4aDyY
PerkyAbacus5,1yJGLysqYKDgPxd0t
ImpoliteWitness8084,H6WaBxLYFSurR3m2
SerpentineReminder2,0ailXP
IdolizedFav,907lNzb8FEMNVDJ
FancyBehalf1,O9qrLqUXjkBnm2xW7Q
SparklingTomatillo,VDcEN3YwuvToqd8urc
FluffyMover7,ZFHE7WIV4L
ObviousHemp7,GXgZpe9VJSoVa7
OpulentDreamer,hinnF4kcqf
AncientGrey,hitqNdSgfiQSW3HQ9
VigilantHuman1665,CzGzXteJAW5XxKurP7Q
BoringLute327,R8jMhcYHJVkApOyq4
ElderlyCollateral0,kBEC3zq
NastyStep-Uncle,YovVku5irP34icRTwZ6l
SneakyInability,lHVAJKM2vDM
FriendlyCloud005,JfoASOcR
SharpFounder,ZfW9QNfDY8Ni
PracticalOpinion2,Y66CcbaKZAItZT1
TrainedSafe,Qd206KvD9BY
WoodenPistol,C8tjFIHX63ez6
StrikingCustard4864,pSR10xQ
GrimVegetation0766,F0es30w9uWITj
LittleBother,CHkKTLNyGw9
UnevenCircle26,bmeRHgmKLEdgVRpMXbTC
DullParable0,v2yRQrJJhFOvtFmB8jq
IdleWheat92,ZgkVHTwGv4BH9xtJr
IncomparablePretzel5,C7FM2BP5GuRAvNUPu1
Big-HeartedJerk07,CnLmdrzVGXacT3NvxeS
OverjoyedHug2,0c0F9u4UjelVk
PutridRutabaga429,zcLfZNzd
KnowingCranky6541,3B2v0Odhwj50mg6xP4
LoyalClapboard3125,xteHeeR2ht5ltcUPp
BasicGuy8543,yY8ji2X
VillainousCravat06,DBr1leYiXvZwohow
WholePrompt2,OBdLCADgpLLKnsO6
MajorActivity0,pbtHqhAlgNedB
ProductiveStepping-Stone3861,BmcEyJKT5FBzuYN1Bqo
ScornfulLunge,jQgClnkcjqzGCyNIORC
RightProcessing83,SdTGcE1
ExcitedMoat4,HDZqQQzAs3
CandidRailing6303,1ONzbv8dE5I
MundaneOccupation,LFqmW2yK4
IllInitial,IgAi4ipxq
JadedTactics43,TWO2FrUIyb5FD
RedHermit4792,p6ibrWyQUpUI
FoolhardyInspiration,EHIs76gXV8SPED7
DistantCentre550,2wHwghdw6MitbUB
ImpartialMeringue81,wZkXOQGJGTMo
VividStress25,POYL3lgPS0v9oGvt
UnwieldyCustomer34,Iw6oTqh2HLXWLFr
FavoriteNotice2,8UY5ih3eBI
ShowyLocomotive4601,Ah0OV51
MutedUse29,QSBRm5OLhbqN9GvQr7T
PointlessUse2164,UWbeHlxq3P7kry7
SubtleSignal1696,88yLYp9k
GlisteningJunk6,bzbrTR
CooperativeRemote68,pNJrppZoldjNQ
WillingDisguise5400,IlgqJLXRLHx70CB
LargeDivider49,YoGjBRwh9npnD
HeartfeltGender,Yss4UkkofdaZ88EpkY
VigorousTrading98,WQZkLk1p
ImmenseLitigation1461,TopkyTt
BlackRevival7,MoSJRZx74U1Z0F8m
DimpledPants3011,eLzLMCt53EwrNLLOrUuz
SmartCatcher1804,lbujEe
FormalFinger9,ksetWwm8BvTIMWA
StrangeFill,OQY9IGQ
AutomaticBucket1427,k6jUZ0Pp7CmD6m
SquareWest5568,XDIBZHUORV5GLJ1zu6b4
WholeNursing90,RwvElJ2dv
SeriousVest13,cvu0YGo7hPa54yyXKvo
YawningCriteria,h0BA900QbfkltyHwcm
GrubbyLysine10,nYEBwMTu11AWPEO
FailingE-Reader8815,AqPR55DtXXuG
ScrawnySqueegee3,oXYhZCRfqf0c
SeveralPerfume,ZyXXdG5gaf6uo
SophisticatedWebmail903,p9I12IQboEC3YyMjND
GraveSpectrum335,xHkqhmWYI0Dj76
MindlessArea3269,YXqMB9seE7kk88md
IllegalRelation718,ogCnutw3dTbj
TidyKayak9205,e56NHN81VHZaEdoUVH9
SmugDentist293,1m9UmKWp3yB2oQTs
PushyCounselor3392,VLoejV
ImmediateCarbon2689,vaD9dhq60PgEQsopRE
DarkTitle1008,yT2DSY8DkY4
HatefulRandomization016,ui0uAK5hn4
DifficultCurler849,7TUDrhJUxcYlTX
TrimRag3389,YziQaM4Pbu2xUXRW
NeatPitcher,NAZQH8ACT
WordySplendor0,fvJn3Uv8NKZQ
DeadlyAnnual59,8oBa4C
FlippantEthics4574,eGuuQOkQNGBhKdzocYwu
ZanyTenth0978,5IGBTs6
GrouchyShow-Stopper9,wgUevhoe8zgO
ScentedFinancing6164,CVJ6kizFEvl0sLt
UnwillingPolicy0010,zNfz8EybkQNRAsHa
CaringLeeway,UIe9lWlZUQId5uKmK
GrimVoice81,JCxktBEStrTSogjQY2j
Old-FashionedLigand14,4TKB45i0D
IntrepidFactory,uyvaea4T2ZQ5wyyYh5E
BruisedTimpani,pefHywX0
SwelteringMonitoring2,b8Tdf5JwCbgXyS00ajh
BlissfulLuggage3,vOqLvlhZl0ZUwRQ79
MajesticVinegar9853,A0v8gjf4wiXc9nfqJ
GuiltyOnset6688,vnHZRECOQe5KstwG
DryRecipe503,ctpX2iy2JQqS9TDC
MindlessDividend,4aJrEmzhsUPBMdE1b
DependentLandscape9,deguwN22g
FloweryHat5,jmxYSS6Q
PhonyBargain585,S7vPCZV4GchknOMWZ
SubtleBuzzard1,yQHzWA5di
OutstandingBellows3307,yu1wWVKa
SnivelingKilling25,mCUaYiaFxDt4am9Hta
NotableDessert230,wkzffTn
PureTopic3,HypfOde
PoshEngineering7822,niLUS2
IlliterateTectonics,KAckdumrIsj0c
TepidMass93,Jqn7IBm8OH9kv
GleamingInsectarium223,46J2yNSW
BothWillow1,ZN6K9yfYGu3Y9svwM
ZigzagCarry9752,KYmB2cpxcS8
PushyLaundry928,hFaYeqNwvXd8VQDKdQA9
NovelMath7,6IL2Y64NHwClvfMt8D
OurDirective74,1wKFgLfG5ntD
NaturalAlien533,7BOhtwVSDw8X6
ImperturbableSpit1179,LNVe282IbGc3mo4qW9a
NarrowRegistration6,l489dpOx
RosyAccountability,k0BqYyLNhohyR3y85
DistantMisunderstand381,s1Ahb0HCxgn
Hard-To-FindAmenity201,VwdVEkJ11Kl4E8kCvQj
DeadlyScissors758,caggOJ4EqkWI6F6t
FelineHour7657,HDpWwHb
OrdinaryGadget978,EyEHriEwaSOxDqXHd
DimViolation5416,K8j0ZD
OrderlyPartnership52,hzMJ1j8r
ImpureSideburns94,JTD6ocGXZZnbmZ
SpanishPamphlet2730,KfyHuf
ShallowHunting,mY7hKZJ3RGRni
ButteryOpportunist353,0yxObYn3QTje1HhBcYG
SqueakyNeglect5,qbWjoSWNJxOtZ
CapitalVet566,uOZppqvmySOaixrf
SplendidMasonry162,w1WeXZm0
BriskSynod4899,FyLwm0XZAKQa1jeCwLRe
GloriousNurse746,WVVsJbhyhoC3Wij
PointedHandful8,32AvQ4ODQ
TrickyBassoon,MaF8YRzJj1DjkPy
HideousDiamond,GtJf3Sfi8nJZnzMvTu
DifferentMangrove,6GnqfJuTzxwqBbkz
RedRaisin7561,f86zLlHx6bsvoZJrr4r
CarelessKettledrum347,wVgkluWLZC
BoilingMantua7,dD32HQezw
CruelMicrowave637,ai4NrlkX
PiercingEcumenist4349,ANAeNo4ZXoo9Vb2HCY
FullShoelace2999,jQyb0n
AuthorizedOutrigger6221,XzBqzHouYuJUTXWHd
GlumWont2,Wg9TqEqScrlO6px
NauticalHaversack5628,JlkyGke0FVeS
BronzeRetention2286,GwpDDLEaFX9q1
FrigidCondor69,YtXv2ixmd8V3eKrY
HardBurro426,Bk3oZDN0T3uIv8
PrizeFritter71,0o35UTXwC
AggravatingYoga9216,za3ImZHbGqHi
MeagerPhenomenon403,ilXmyv
FruitfulRectangle6580,T1qvP4pUheyg0RZRu
AnxiousBeer,SKNWZxgJsOpUFXDOI
JuicyPansy5,SvbgITlMOyb29kB
RoundCompetitor,NJepWw25LbI6
PrimeSausage49,6JYg3xLP
NecessaryConditioner03,UQKXosfBteFBU0ja
MintySkirt657,wSNaOOdqF8KTnzJ
LikelyKoala6,6UdtaJFW1qptgR7
PrizeLag22,4kpHa6tJgx
FlickeringPsychologist,pXUmly1xi
NeedyRebel9516,m0JzvvNQF
FriendlyTriumph71,v608FSgJoiei9lSa
FrozenStill59,h5IVr4BvzGvA8reF
DeliciousDrainage6292,ZmndtaazPZb6MHak2BkJ
DifferentFang,zhKdyjig9pgcs4
PowerfulHyphenation1,Ji9OPn
ShinyWingman735,jspjh80OrLBy
Well-OffSinging1,I4xgSrU
SplendidBidding5,yMhdFfNVlatO1s
FrankSailboat59,m7ArKt
PertinentDue160,bAqsXm
ScholarlySeverity5,0nk1yro7cjKNM1GqI
StraightGnat942,LRNPdIl0Bp
TheseSchema840,1QwcVUGNDzRu32x
EdibleCoral3024,suN4PNcvdKb
PhysicalWrench4,FXJ4H2p
AshamedStone70,FdkIAf9YKfcX
DistantBird-Watcher4473,jp4Vj0R
OccasionalColloquy2922,td6mVxXoZRXFGl
JadedMatrix,tGuUebb3An4x
SpryConcept4,bbFLQXkipTE
DamagedPlanning6,EsndVS9eVHxEjZrr
HatefulAsh03,KGDkFomdU
KeyEffect,eKj3ly4KNpc
UncomfortableGrant388,Jv98GLehXAHXF
GiganticMouse6769,Tj3002
FeminineSprinter2,qfakJ3oIq
RealBeanstalk0203,6UbH5Py
InsidiousLeek6836,7i5vLcm7aVVm9Ng8UD
ExtrovertedBrassiere44,LEWxsbiOT7
RotatingComb04,pMKM0h
Clear-CutPtarmigan42,BMn1L8TmINh3pvFD5
HappyRage4183,LczYB5c3mbPOWM0oh
DirectDesktop3293,o2i25jByU3gfTV84
InsignificantSeller2,ZlnVhL
FumblingFang2,VfXYEU
KnownTonight05,dnEmJ6rVK9jbH6ZjLKP
RoughProgramme653,siWVzJcbCt
FineSardine6,tPDONB3Y
NippyCaffeine287,EYSDokmDEwl
VividToad9,pYDPyKWVVLQt1jb6GmZR
BumpyMarxism766,jLDec0
EasyHammock34,ugTp7LzPg
NaiveAnesthesiology2,hCaTi1LsyJrk8cPU
FirstTailspin07,OYfTwmVaBU
HighSac08,HD277XMQfWuy0LqlLwY4
LovelyComposition8,eCnrKgwIKG7M
AngryShow270,DFFeZVqNB5g
FlamboyantCyclone6343,ZVOhWjC5r
OpenNormalisation87,PKZknWmgA394ZdlCbt
DevotedSkean54,JTMKnmp7B0PLIYlX
PeriodicShort63,oqL7BqwmV
IdealAngle6,bedCWam0hqi8qPpwAMM
CourteousPlowman15,7Da5Zv8y5DtRK
GrayArthur6839,NyIMDwEMwMh
JuicyWebsite1,jMU6rnq2W2FKAKNVIo
RubberyCareer,WUBLHAGq1prvBu5nM
JuvenileHurt9290,u01DjGHlj0hv0
NoxiousAdvent0,j9nvL6NCrH
AnguishedSkullcap,DCt6lh3BuyP0Ez
WhichGrove998,M6Xj3QvznnKr
VictoriousSubway76,sFESm3KC2DfHli
SneakyCycle9640,8JpOzJWP6fEy
GreatHazelnut,mHj2uR49ybKf
DistantPancake8,UsFUwWiLb6sVuHC8W5Ab
EvenOutfielder,tkqIwHVTsqO
PotableBalalaika7295,dnbb9Z
DualMankind08,NfrZ5ZyMQ3KBWtS6CgH
FairFormicarium91,2LOzzt5mc1SR3ml7
HandsomeTextbook,zBsU8ei7B
BlondRefreshments644,Cn6UxhyOYn9f
CostlyCheckbook592,1APIci9JKkiFH
FuzzyRelationship8341,qaQ0JGvSSXm3uM5QJu
BaggySample023,Xo1P0of8xxl1TujO
IcyPelt,mOBDcCkVttwDCEpa96
Jam-PackedFairness,FXHX7NB6LJLV09toB1P
WholeShoehorn640,y9uOANn3bnxtkTEbJ
HomelyMouton6959,YqD4EgLo1wasjAr3S
FalseBalance,CA70UJ0Or
SneakySpider8,46s2H2k8u7BXF7
SkeletalHandful5996,cZQhsCjmoj
MulticoloredAccountability498,bsYttT
ColdFilter10,6IOBV2bg38C
ConventionalBirthday8,1S2RrN6r
BlushingBlush26,OXQPDST2Ip5fHHv
FairChive92,Ha5SQPamtN
ImpeccableSportsman2322,WA8Eud3DQ
ShimmeringTomography7997,nyq1x2OaUMZ
TruthfulPink5,MlyNhOW
FaithfulMesenchyme4,YbkWMBNaa
ImpassionedResearch,VdOME0jJ6
NegligibleHome126,ykxpHjkBeO71tFC
BetterMankind,uCp0UZiG0xj
IgnorantLeeway3369,NluXePImjIY0xjALA
SoreVan28,BC6kksG
SpanishSpecial9,jFbq93mBL8FIljxzC92a
UnselfishBook9938,q4YiIeo8
StandardAlfalfa5,VJhsC4HyU2N5J7o
GrownTenement,wXVyGLAByr5CvzUOoGw
HeftyMarten5225,QYVYNjD6y
PreviousMeatball0,ADmvxdhWuU3Xssrng
GrayNative16,a0LmVDjti72eXUQYz
UntidyGenerosity27,BXga9FmMJl
LankyUnderpass1635,sempD52MVrUUTX
InsidiousWashbasin9,KLuikO5Hp33
ClosedBlast5488,wKCKfGB7DGOt26Q
OutgoingKid4008,DzfOZR7a7igJz0y
GivingBrake3,01ZADo
HarshWhisper8730,W74qqllFuQKSqX6
TastyDisagreement47,okURUw2K8wqmv
ShadyFormer098,CBdjjw2IKPlnU
UntriedAvailability9,NDfge1Ej
PlumpCrown98,jlQNyoSmlPG5YC3
SubduedBoyfriend,T4g0AgG7Zi
FlippantWater0310,j8GdgBZOgt9ov
OverlookedOsmosis5,OnR6KuGsZ
ThreadbareTrousers,x3iwSMi
PuzzledMarmalade03,dbvy7tZ2dphklyMsdOU
ThatPad0,vj7GW40Kgqiv3f76
ShallowGirdle24,n40x8Wgl
ConventionalMandolin629,CoNBagvP29LEhzog
DampGhost8,oU2P4n1hIrtFbi
PunctualAfterlife02,TsnK9ZYE3g8G
FatPoll594,9G2Ueo
FrenchTechnology,G9I6qLvbo5
BaggySubstitution383,yrPiwFEOl4aUMAJDwFmW
StrictTurban0365,9vcSXIcGVG9zU5do6
ThirdCicada23,mBCIwjL1DYXoZZ4bXRK4
DazzlingColorlessness579,XctNWbMihgsmq0F5i
DelayedTap142,aEGIZucRjDY9
EnragedBeer5545,EDEOTiZRn20SZCpf
CrazyUndershirt574,b7TUMrI
HastyParole6938,lqsCdpWVx9xlisrCK032
InternalBoost,76Uibz7xkK9hnJR
WindingAntibody96,PoL5KS80TuB09r
HarshSunglasses9310,4QlGwiUBPU5o0n2F
UnlawfulHeadphones724,bdNUhNs
EnviousCommunity452,veCMUmg
DisgustingLegume2,JooV9wXr
BlushingEmanate48,1oZK4opC909BOXnX
RapidDick,0zydhvf7Xg
DismalConduct1,0l3DcLd7xtL7bm9Vc
NimbleAdvertising97,EuFv5y4nVAeQLC
NecessaryLayout8,lOC4Gegzx
UntriedLychee181,ntmxf4XjcuMY6xYW
ImmaculatePiss7,fXZTpAN53Hwe3Ljp
Well-MadeHouseboat,9M03Qc8Qf6FBUO
ArcticJug28,g0NhIfRO1pPXkoUqCXtc
BitterSneeze6887,tR6G98ejOEmZ
UncomfortableStretch60,0GTsvEugu8
ScholarlyAgreement7,T9x2PuIS7fAFRjn
TidyDrag,UVYpVaFU4RDC9gLB3RUr
KindheartedHorseradish78,NaQ1FKaIGlwNaqsS
FlickeringSystem,FdT52tmTIcPsmjx
GrayDisparity3353,6S10ydS5ElAT8xg
SpeedyBottling745,PjRAz3vE9aTWhT78
CruelFelony6,vSse5tBcndBEviSY1P
IntrepidDare8,OoJtWmd4
SatisfiedClearing,2UKrSjdvzp88
ReadyDiver20,cJEdTJQsnGGklq
GiantThunder2375,IkvHEPPKZa
FirstInfo355,Ud6iKeF
PinkEdge,2XLcKyc8TrbRyQVbFQ
AuthorizedExpansion98,PBMECWl71UgmwV9dEmte
EqualAttacker389,Fol2Wagdm6RVNidg5h
MonthlyCenturion0,GHA3s72PtJs
DescriptiveSuspension,fOKEY4B9jHR61bIGcP4
NaughtyBloomer,k8xluVfAZ0o7glci2
MonthlyVerb645,UdXnQiEt7kFZcEpw2ex
CleverPence92,8XmBlTrq6dZMzU5c
HoarseRelationship97,ECVHEu
ImprobablePatio7,60fgPYORvQ6Eb7U
WeeFlugelhorn5,j2XtbTv6IoKgU
MatureMobster,dbEIqpa9gRjS
NeatDaylight7346,jmYj2zT0Tpq3O6
TragicTraveler,E7pK3RVfu8qR
BowedInequality085,JwKwQbOwVYx
SillyStep-Father5688,goVkB0m1XvdoTjZhQ9
AmbitiousRutabaga02,RJ0WyK
AdmiredEvil7,kQy9YgvLTPAdHnUa
ScarceGossip030,yRxKF3pka1MlHEfS
MulticoloredConscience523,KDUWMLauKmPtckmvqhD
LittleEnzyme11,z62S6oRTQzs81y
DistortedClavier323,JdTWyOnF
ShrillLinseed8,Wtc7P4H8d0ggwI8oS
CavernousHighway7649,rsNqbsp5M2gOW
CircularGarage4901,pWaQv64AVoovrQL
ComplexCurio573,If8ovQSMXRZYqhF2bET
FeistyHoof1640,l08SoTs
FunctionalArrival,rRGlyZ1hpe2qw
OutgoingThrush,Pn1szrKAwnnOG6uG
MediumBoysenberry,TRwg3RP8TIXWth
OfficialStuff,4zzumK3oe7I0NM1HBfO7
Long-TermModem33,uheOCyAt0
HalfRambler0672,W50wsnV
UnpleasantSeaplane78,wMwrnnEchRWYVHWHf00
PoisedAdobe8380,45nWYm8u6V0Vvm4f
BleakInterior,eaIBboI7oij4u
SilentFiddle,INRyW3xgySqeuebhhU
RawBootie8,XBnCHP1c
WiltedCarrier4,e7JYUbGsYQhLsATzNzu4
CanineGradient93,YOYFOb
SparseRemoval5,9EibtUGD
DeadlyCreme Brulee4759,cyFKuvVfAL6y7lqeu5y
TediousBurro,zX7rs2iSRAUv7
BulkyAddiction75,Ojm43gnFNoh0GenfW
ComposedQuarter7273,EiFjV4m9UNIQm
LamePolo0,OxhMEnDv5xPon
HurtfulBoolean849,Vi2mVYoU
UncommonIntensity7001,jfLWcxFXabI9g8C0sc
AdventurousCasino01,nKMOSFh4IgW
OccasionalForte8885,1jsAseRXREmzZd7PdSlg
ScarceHybridization673,cYWzrij1ngh
CloseReligion322,RL0kzMICyIU
FluidMacaw75,choTs5aKWlbaW
UnkemptOperating2,Dt54xrACNzSFCNVvfPf
FrostySlippers94,cT37X9x
GreedyBoyhood7243,OdxfvOXNKZw
OutstandingKnot4,Pp14ohV5s
ToughAluminium4534,nvAbyYOXHHB8
OrnateSuite2,P7HwEgHM93
CloseMarmalade,GUIFMycPSTx9mct5Ri2
DearestFriend386,D0iuqPMRYL
RowdyBank1,MntNQh20QZtIrbIO7a
DownrightInhibitor265,7i1d0nviJlStC
ExtraneousGravitas8517,GEs6vs31c
ThriftyExcuse42,yYScTwB
BountifulDraw,xvjpPQtkD3
OtherFiling0555,81DT4o
BabyishSoap052,1nOCzN4HZL3
PleasingPoint77,2JEELZD8o7CqbRW3UGZy
PurpleCartilage6,f4UEgUPlK2E67O7
UnrealisticTintype00,ZZHMsGXJIsf3bif
KnowledgeableReceptor8406,R0YvEd3mO1JXAQ5i9y
ZealousPack1,1V8V7sAbaBIuhMA
SlushyLyre,whprOaqERR4d0hh
CleanDistinction4,fEOnqTAL4F6Sc
NegligibleVengeance,ek6HZSt
BustlingRoster319,yGPauw4eZzgoQlR8A4KQ
FickleRecollection,DKhKhdgoqWT3
FlickeringMajority5,kryb6XmV1PCC
BuoyantProposal326,1djIs1XQqq3
BubblySledge9298,G5rSmttDJz
LostCelery,6OFsl6iND
EntireDisarmament317,kSJtSu7r5jX0vhHvNj
CriticalSediment,eLYk0leZ2kVaSRUCLBpw
GrowingLounge995,sT1sha
EmbarrassedMainland99,3HyGskaHGT34zgHmQr7
CarefreeCleaner39,AE2KUr0dy8tQ9vy
SarcasticSteward35,tbFUNJMJbOrGNNHDEjk
ImaginativeCorn,5ErNJiewYUSmY1EtNG5
StarkTailspin787,mvBxnN3Ji6CB6toD
EmbellishedSlapstick0294,7MJF6xob65gzEme
InferiorSeparation0,b6EGXBYhRd85rHEws
UnfortunateWarming89,s4aDDNaDdg2
ThoroughDiagram950,YuWL2m624gXhFz8r3F
WhisperedSpear9,9WDxPWpRrU5sF2ijdfE
TrustingVegetarian730,QOG9fNVPsXZ5
Well-InformedPeach8336,kAf6vpGYQb9I
SpottedMailing9,UaUIFCSIRqhfXqK4hl6
SpectacularStrait,g2c4nvn
SmartBidet0,7gyGNh0RwI9bxOt
LawfulPlasterboard9,CiRUUVVvZS8F7jigNPe
WatchfulShoat9,7rglL7aTp9wsMKwQQxA
StormyBooklet68,qG24Pouv4mbt1I
MeatySwamp2,UqFiVUkk
BelovedVehicle606,ywLozNAtUE6
BronzeEmpowerment06,VISeDA
ScentedCoalition718,aXFk4jGM
UnripeExcuse,n0gUR4wBvYRlBy8jQ
SeriousSaucer7930,EYum6Ob92lY3iJLZfdA
EagerReform,wCpjVX2JTh4eKiXeYjfT
UnrealisticPita6,vjjZ8UWOysVxfFXLSLn
BlackScore9737,GLzr69zOksG6Gok
CrushingAcknowledgment83,fZ6gSoopf08lHRE4V
MoistUmbrella8,5iRrnHUIJiqdD
AcceptableConsensus7,vG1Eauy6lyruPv
BustlingBeet,s4fG9MtuN4FC9FdDdfI
GraciousGirlfriend,HesCFUs3QJox
DecimalSemicircle947,Ej2yrh2UMF
PerkyBooklet38,munTXMJS5
BumpyRomance597,5DIwwRCGX6F
AltruisticAbdomen0280,YS5PPvqokYIl3Oey
PrettyDamage14,rsrmiu7W3yW3klocBz0F
WarmheartedZither930,Vl2N6mwafGgdTKO
MedicalSurvivor,FGFKxdqoWtS8JC
ThickRound276,lhdkILHksJcHN4E8X3
PrestigiousUtensil,BbceaFPHv
AnyZoology35,6esbCGRJUM
WorseInnovation51,KlfCLtwL1QcUF2NjnNzv
NocturnalPerp32,ztI1ecq75TkmiGd3h
AbandonedSpecies7,mXX4z7Tp
YummyTattoo,OSTqklkZpHo4No
CultivatedMarshmallow,QzOygnZqlHG8
MixedAlluvium0,mbrWu7LCnEfF4dojKh5B
MulticoloredProphet350,mxyuzIX9p2KfNWCMLg0
RemarkableDusk3,4lUH6f
FruitfulOttoman52,AyTNmtMHLufw
NippyButler81,qTIyBFi9E8kYf
UntimelyMine0595,QcirLlzFH7wq
RecentBaker258,8TiEocUJc8iOUDA
MerryDecryption818,F9JAJ6xFoZxc2h
HollowPoker2817,3r2bCOMs10Oa1J9Jy
NeglectedCalculator2932,IPoSfI0Cw3iJd
PoisedViability25,Gbm78RO76e5CDmyAIT
WeakAbbreviation7132,IYOKwpL6o8MRNCKLVY
FullOasis,JBHE2HmrTsibIXb9sYBn
IdealMan0,ZuwKy8S2N
InconsequentialGearshift93,5fnHafMf67KjXVuK9p
WavyFill,rqDmE7LPYpw
RunnyCreek173,nGYWtkX1va8CdWAVqK6e
TimelyThrust20,UZ4EmC
WastefulSnack410,wc8wise03quk
MuffledCaterpillar,ijeRFp2
FavoriteAnthropology6767,zv87SFxUXSY8M3x5
DopeyAdvance756,12DJTBcpL25skJDOUoV
RipeHypothermia,OHgqjKBrLlks3ltI2Q
EdibleOpportunist89,oPjlxh7vB
FriendlyPressroom,Ms0SPY
ModernChess,6PoBipOc6gr2o
WornChatter,ZxDlyWUL
Black-And-WhiteWheat,Ee40bFyyS1B
NoxiousRobe8,bp4MLjSR61eqd
ElatedColonization,tGPsaZGZIl
DisguisedBoss805,cwZwBnCmUuILapnqsLU
WrongImplementation2104,cqYd86eaipjljx
VeneratedStraw1,ZDieS041
TanParsnip8382,i1sDcxn
WatchfulPiece6,4bTeQ2
IdealisticGnu09,cAEjUEsja
CompetentName,2VVPt8SZzrWCONbnZDsJ
UnusedDigestive5968,8pRttbR9h6Dq
VaguePanel8529,wetBtihTjsjwIbN
FrillyHigh1688,1i03YpP
LovingWrap,6cnB5VsLbgQ4jgybr
FatBorder3307,qu7cy7jULrILJnK
StiffBronchitis4149,Nqh6FgXDUBcPXXMnPBU
StripedAcknowledgment3995,q3Wl6m2fezWMfPmpBUO
AcceptableAsterisk8559,dICoZDmOW
GrippingBlanket,XcLKixTeaIzHN
AnyEmotion997,CneqXBsgGOSoVwSEej4p
IndolentBreakfast,uJbsvMXBMmUcJK
WeeklyVodka658,5oRB1Mm0bMYsBSjw
AmpleHair039,lEZf2wyp1HWHctp3dEO
SilverWasp,NDk1bsE
AngryNewsletter321,nL3FCUtQzSPaZo7HB
ObviousFeast324,f15csB
BountifulUnderwear0,xXOfXAaeBqlCSdf4
FirstVoid063,VlUSqejJItF
UpsetForearm4,XjMXf911Ilhww004Xi7S
FrugalBaggage96,uQFOJhhfe8VLjc
GratefulCountryside628,yWbmJukHAD2k
ElatedOrator13,hpsvcb9XRTjGW
StripedInsomnia52,ESY3BRVY5U
CharmingIsogloss1604,hSBA8BkKqXwji8ATC2n
UselessRancher73,Mp4Ju2LCk
ParchedPlacode91,uzJQ7Xs
RuddyAbacus10,O01HA6SBKNnI
IrritatingSleet14,j9f8ENVOFFQhFYlO
UpbeatThunder8348,eCsqwTtsEjlhO7KvN
JuvenileToga8,g1cIPTM6mrRTQwq3aHk
HarshWeedkiller7624,mvN5L0bjw4eg3XtDC
ThoroughSonnet3,XIhbWzOPP
LavishHive2647,agu5pF69
FunnyRebellion2,wVy3SmbxkCAzo35aszh
AssuredAirship6757,ts9cfBJonIS00brS
OblongCurl,wAHbIfG3gfY
SerpentineHatchet,iIFpJsXe3PsQ
JovialExecutive44,A7qaNZ2QeGqxVHy0MLN
ArtisticFigurine7005,mvtaPUw7yTNhBS0ofiPd
LoyalCriticism488,lvRTfCD
CoarseRemains3,k4hBJPPiJUzMbQuAT
CurvyMate01,hftyd1YQ
EcstaticBurglar1,jgtVVLlIs
MisguidedMark2874,Dw2GQl
PoshOats81,jJq0QjiTkIPd
LimpingUndertaker88,JhF8HeHdUDPew3b
CourteousCinema472,iPDoy6gimuBSXU
InfinitePianist17,9SYAzBAkAwqQ221q3zQ
UrbanMelatonin732,rwhwOsZXpUQuWsexTOCP
MotionlessRegret070,EJSXUfH9txGWi0kbUdAT
BlankRunaway,8lLVgcaRixOY
RoughAccent1820,1yo8x54vB
LovingForestry09,cHceXwxg
MysteriousStorage,ppusbIfsUqgmJHVZ4k3y
WorrisomeFlume825,lVsfkdmtp0GGaO
FickleHeartache597,rLfVgBxtRYvz9EKOiaJ
BonyScreening1861,QLDEEf1jCv5TtXPrdSf
UselessEnrollment0104,klut2Kw
IdioticScarification626,U3TfS01GfJkS
TidyRediscovery169,T8WmuKq7PAI
ShadyInfusion,TPqrNEH1IVbG
PerfumedCaramel5,r9HQEUF0
UglyWriggler30,tFW55sYiclyoAP2e
FunnyReputation4445,hCouusvpNFFT1116iWJ
NeedyWhorl,TDt1zCsjNyFPffGL
SpiffyEntertainment09,ALdoHLAF
UnimportantComradeship55,YPTqT52pD
MonstrousConcrete,MVNo3aau5gtXZJEI
ElegantRoll4,wPXiV7
CostlyBowtie3790,e7n7NolzZPhRDP
UnfoldedWasting1644,aFC0jlfOJypskrjY
Ill-FatedCd7893,GCdjN1h
BareStaff12,mAQEl0SnxDFl2tcLOz
PerkyDesktop60,dYyuQcwNFmYtg
PertinentMonitoring,PrZ8WlQbLSSh44bjaoo
WetBuilding1757,2J7isILS8G
DarkVeal4,euyqTfuO
IntentEstrogen6758,jm9iCQ0DlXKKYrJNeF
CrazyPenny,4Pcmnwe
QuarterlyConsumption5,SGfWTrIq3CXgF
UltimateDate5,jEnHQx6JdsQ5VIW
SturdySister-In-Law6176,X0BBWdO3gtdLpHv
TartRetreat2,p1Ojg2LTp270Run84Gq7
CultivatedCholesterol669,LhdmZkJMb42C
CapitalGaming,rFl8WOwYlSh7
PeriodicAttendance904,bkvZnN
Well-OffManor6,tTlssZZC3D99oBunKM
OrneryShoelace,RmuZd7
RosyNursery,G8nE5DjDscY
OfficialPagan6218,QH8Bb8zlAYr67RE
StraightDifferential59,NTWlT7KWY9CsiDQeb
PleasingFeel8018,wkiMP8pbljz5J
PointedVisitor55,WKqgonPySIkDFHcsZ9H
ThoughtfulHobbit0656,FO6CWxdJu9CO5bIXYwl
OverjoyedCane,SIz5ssJTjiCx6
BruisedVegetable613,Vkrxyiz8hjb2RT1bAU
RepentantHeroine,bH6oyF
IgnorantFixture9558,lbXDtIiB
CraftyCentimeter31,u8O3H4FaIKR
ElderlyRetirement2816,UaYB7lduVC8p
HarmoniousHarp542,A2Zdv5BN1PedfaCWl5
BoringLoggia,NIenrbtQL7b
ComposedAbuse51,2QP37w3N
NeedyDisadvantage3672,8RkxnO0sQ
LightChamber19,P7PRIAEsOV
FlusteredCapacity31,N9nvRdq5h
HandyImmortal1,fxGphaAHFvL9gt
ScarceBreakthrough0454,6FM7mo0q
StandardNit0777,ZRf9EmZ3nT
WidePerfection485,AdZ3pPPqO0QQYSWREh
PungentSupplement0098,bQUsCoInNWCXaYTSr5
SurprisedPresentation51,GNw1PyPO9BALnIWdnd
GenerousSake,zUa6CxGTnuywKw
VividHeartwood8,ZROGPama
YouthfulHardboard7159,thCDlb9k2RVsrR2F7
PlumpArray4,7leqViHAmM5
ExpensivePrairie,8B20AaGiXOl7wV7
BlaringCreationist91,tjLEyn
ClosedHalibut5,hERHG4
EnviousSafeguard3285,cVvSrcZBWyCxSflCjl
DenseParenthesis9,BrTE3RCk2RuEIlBG6
WoozyHotdog488,fTEso3Kd2o1iJN
Self-ReliantHay,pqvKPiXgDTEzvW7xrOJD
LimitedJasmine0,ThytY8fZsWN
FamiliarController9072,9LujQSnwRAbaE
YoungHop6316,vpPvqGvjLA6o32gX
EvilClone1780,H0WG8LL1hIIxE0R6
FlawlessPoliceman609,ohRpQB2Qhv0z4uLq0
OptimisticMeet9,6VfC3vQR24xn
JuicyBayou337,eLd7wKrHM
ViciousMigration,rOzgpwL
PunctualDeed0,PzFAhH0QnzCHzt
TriangularEicosanoid755,5lYaxFufFyNl
MuffledShelf,tSQJTyJNig
ConstantNovel00,1F78RGWbufbpeqf3mzue
BoldChit-Chat253,ImMRy9ZV2
LumpyTactile4819,gKpGrZNfA0H049zgawv
ShadowyRecord6937,j3Ppk5kOXW
LumpyCement,UebxkAXbcPQZlqjyDVW
HotIndex8058,OdTj2jq
MeekSalami5626,3S7liQYQbfhdNjP7nnq
ItchyAssistant,JBcsbFW5ADbMJ1a
EnviousPatent008,HqVWnrnfj6MO
NegativeElectronics292,I122L14AdJO4
TalkativeTale1775,JWdmkly0a
WarmheartedGesture353,zQMs1c8PIbwnAf
JuvenileFacelift,JDxfNOm0P0f
TrimRevenue34,RmR80Ktt8rtczPM8Ysi
GargantuanNylon698,xU4BUGinDI9DCvgMe
OrnateInvestment26,cVS3nVYvXRCNPm91H
WrithingOats24,HdxFJQ9z8AO5PEStsVhf
PessimisticPound4,Tq8wHwC4sSuV9lnxq
SunnyDresser2,c8tpLLjjEDKvVvXkGH
QuietSunbonnet,gklJ41smATYY
YoungRefreshments47,Bp2hDnMkEikv6uq1VSws
UnsightlyDune,27tYuflNJjsWU4rEN1bO
GleefulFailure2,jyeaSGWzRVXSONP37
AdorableBarrier3,FNStVnos0EyF
ShamefulBargain,v7L1tAzqExUuHpW
StainedCaboose0215,hfLVAZGfBCJZSA3
DisgustingQualification,jdwdaORrAuDs0UhNt
BlindDiving558,g5NJp119QEODSUEKoP
ImportantLight595,hMRjFaM
BurlyQuote7431,dc8B91Gx6
AltruisticFiery384,lnS6NstF
StraightMigrant6665,mQbkPc1AJcZKSEFmc
ClosePrecedent,ujk8Hq5
SplendidTreasure70,clTR8T86ys2XqKDiyPTK
StrikingThrone0,YTqExEkZeSM
TinyCapability55,10JeIEz47jUdB
EvilHammock192,rlOALTFqOKFHpn1
RingedClergyman1,Pcb29Y5gKjlmoW9h
FantasticMorsel9,RiUhi5ag83YSLZX
FirsthandGastropod11,RNhKCpF
TrueHouseboat85,gL0PgdcUxX5M1JXll
InternationalPlowman825,KJCZ2j
DishonestSprinkles,2d7pY7Skru2Ir6B
AnxiousAttachment2265,SHkNNql9xkJdqGGi
FlawedAgreement626,3kCO5dYf0MbL
CorruptTuition,Plmcd5FoFsdwGuQ3
YearlyRust,95vC44djnu0SYbe9XsY
FumblingDoubling31,ACXu1A6yPkRnrJY0
UnknownHigh1,kh0DEs9XXiByfsI1
ComposedJewelry5,sz0mE3rWWZNR6tnhSEQ
SourOutcome73,uYO1UPcPWF69lg2Nx
UsableJoke0,2MrqxkX
SpectacularInversion5337,Ehjjfg64
ArtisticTurkey194,LZ5V8bm1yzd
AlarmedWaterwheel9285,fFRWfzZ6L
WickedIndustry,AkiZNvG8Wz
TrainedThrill863,VWJGmSfa8ya
VastAbrogation5,opE8yZy4
ThoughtfulGeneral88,oW0HmDfnAoRe1fdtrNcW
RedMug234,eeYQYPUwXBKBH0
AutomaticDistributor64,NohLmXqiNiRlBWd
DigitalDomain655,dWR7bQwKIfW0wuLGYO
GoldenRaiment,Bc0HPgbC7FWoq2zmb
TwinBookcase6,myjCImFt5FkxIQs
DeadlyFuneral,xPZoRbIZ3TlzD4U
SweatyCircumference490,Wk5kD2N
HatefulHousework6,w35kK5oMr5uUErXZi6B
NastyComplexity93,fqIXxFxyWdc8fx
UnfortunateParachute3447,alViaRB
UnknownHobby3,is6Ag1oPE
FamousSaw,XON0Oh4HyqM94D
GratefulDogwood1454,jeVvzRDitIWz
CoarseCombat,JgWpuRVj8G6f8wQaf6sc
SomberApproach017,QKYVjv17
SilverStrait137,nsMYzAdi4d
BlindEnergy8354,DdhoiaSk22z5uXxf6IK
StripedStory90,lc2HV6vl5H3vt
Wide-EyedNetsuke1895,mkXXZOw
SlowRunway2234,oUgm57gfPaUd
LazyMaybe0,reBE1JxTXqCAoSr4GR
SlushyStonework8181,6dDamqjxqQ9
FavorablePizza5,8mZ5eAVgEg
OfficialWash7771,52c9w6
OvercookedGeneration0,wbme8EJL
RobustPolice1100,6bJjbyuBIDrMw
ScornfulChainstay9,bjwE7wPkLtI
WeeDebtor851,efXrbePgtutdzBLaiel
NeatLard74,7UbQtSJ6JfG2l7d
TartJudo2715,l1EA4erhxEqQbCKw20k
FunnyRamie768,PKXS9xnpNbodS
AromaticBeheading2,fisPmVtONK
BetterChard0842,WG2C3NdX
WeeklyFlytrap753,OUD4D0D
EnormousOrdinary7152,VGX0J7
DapperCrumb36,WuON6mcn
HastySourwood3889,fOxk4j1JM5Ux
ExperiencedSpatula3,aTFcVrK398N
BumpyAlert1,e5E7ep12ZW0hpawe0b
EverlastingBurial2,di0typL1Xvc
UnevenCatastrophe468,0bnCdHhMVX
DazzlingGrouper788,bt65F7vA69
AccomplishedMeatball698,GaMg4U2KG
MinorSpy,TvTt5eBSXYP
AptElongation305,mMweDIkF9sZ4Q
DefenselessThermostat7,ck4LDrF9jN63
PeriodicDiving9,NvxSsMdoTvj
FeistyPupil,C12MAAdaH8
VigilantWound448,lhowqFShubk
SteepMapping,nrFNbmHSZ
GreedyPsychology7410,whHNoSU87cQmbdQMg2q
PrettyVibe,UocxNA9XhQ0B9vYRIjQd
FullDolphin,wUuzzhZj9J5
RecentEvil,Tf98x1WAvzTAv8
OddballDignity309,wI1sC3iDbnKz5dPDlVqO
SteelPolish,ipFtXCIsy
EthicalDibble1869,qIe0iMdIIJglnv
VibrantChaise1620,QlBsX5JzJpRF2r
RepentantObedience470,KoXcOLKl
ScientificMedium4,OXNiOcGKEelO7hig
TanCredential7,H1LkUqQkIaxweZ
PhonyString4,jVtYQwCFgS
AvariciousCabinet9,jhYBUeFNin0fnP
EnragedCruise88,lBvml4SHW
DesertedC-Clamp,XhgqTv
WiseRegulation1166,kf8xGhtZCnOUQ1lZU
ObeseTexture,K5hTY1U
LostMethane679,4oY5OPl2hCv5vDCL9iX
AttractiveColonialism,0xDaJsO7lD
SatisfiedVessel,qrIKHyqP
SilverKnight559,UvxzgY0L1XMpHOQifxV6
VivaciousGroup8,hqBH4Jl2POtGj9M
SpotlessBarstool6,abxEwCFFn19eS00b8
CourageousTheater,yQZ7iaokZcxjjH8Cfe0
ExaltedTrading,tgc4XqoeJJ
EqualMachinery9,3km36NU1r
UnfinishedPair,5RwCHJ50enFEluu3855L
DistantClosing090,IIXfm2AgsVGuBeQmNg0v
EmbarrassedHippodrome02,kYKwAOVm15ZVjKS
SparseEmbassy,tSQegbvJQaX
StaleExhibition54,y9igCuwWbvxzSX8
CuddlyModel,cyJ6LmMo52DnlwiD438
GiftedMozzarella9,yzSVFpTWTrPByxorT
PlainCriminal55,RFfIaqDVOM
AgitatedRefectory0,BHUHafJK6lYtjE
EnormousCarrier73,1G1D8VEGLwH4ElX
AnyYear46,9BjXKpudX69cG
PushyBump10,ZTxb3LWdSnJFmpQu
RunnyCasement218,GaeHedRZcvO
UsableReputation689,68nS2rRzwQ
PristineHardship0,t4ZzYxTPjLUs4sr
GrowingServitude787,EMzJYz
SpiritedLumberman205,v3bbJ9cjXuoE
CloudyInvestigator618,qyiVNsZta
FortunateHacienda,8mP6YIJZsL6WwCWbd
KindlyKnife,oH9CBlGfMtv6nnI0g2
AdmiredLuncheonette,pmeqqWeOr
DarlingOrchard,vkTEzHUDCfaS
StunningSimilarity71,Er5nqC0jrK4xkeBHO
SizzlingConvection8,tjSg4DQxFEBhNIvN
Good-NaturedProfile9,d1dpGGle74
WaterloggedLeather54,5JKCWRn
TerrificMaster749,O0hI2JWdsn
GargantuanWear2262,jP8aYYi7eyu0y
DefensiveRoommate4002,Vb828gnpN
NeighboringThinking0,QXP3EVXc7ERic7Nx4YB
AbsoluteClick046,XSq7bJ8m
ShabbyUnibody1,qdIBF7
FrostyWaterfront338,APejxlaRVSjfgS
HonoredBinoculars746,MAIYJ0ni
OrangeChaos5,fAFNT4xCkH
SelfishSandal60,r1xgtwROYwA
PaltryGrass,eW7zvknfp8fm
GlaringDividend,OLo5p53VFl3nBYyWAgL
ExoticLand1792,NsUR36Q
PotableTruck225,QxYOPqbzlfNyD27MhkK
CarelessSignal20,tUjKlb6cwjm832Wn
AustereNonbeliever9,nOQnDMjp9FzbQd
FullPractitioner384,0SSE8CrG
DismalArmament37,HsxrtcfY3MWZ1
PhysicalDoctorate311,tulIXGNa7RyNLG
ChillyColleague3517,smf2f3L2hziz4hRRqzTo
FarStretch9,484kgCrcKx243
AdoredSupervisor815,hdoPzJZYJ1hjQ6Ms7Rnq
PessimisticHumour,bCHbzq
LegitimateError4,7Sc31DhlKenBHTmP
PleasedValuable0299,cbJ74AthUdXV66GZbupU
ZestyLand22,LswGUrkLJw
SimilarPreserves710,2AyQhsjVZoMz
SaneText,eOSWSlWzDv
FakeStability993,eaOX6ZtFkXphDgHq
GranularCriterion8,eLcOTj4dOdrAVjk3PFAs
BasicFly047,NGXKGmfLF0v
WorriedAppointment687,51tYrSBqb0Ri
DenseInvitation5,axOAEQ
BreakableOboe,XhhV1teA5
ForsakenSalt5,ymXaoXRXg
VividBall4775,fjJIkUGHA8XvDiYN
PassionateCaravan2,5IywEbeD2duh3Ilj
LegalStock-In-Trade098,5EdMvY5Vnz8
TenderDulcimer2943,ODPVpcfS
AvariciousAccomplishment38,LsWgvHo
FlawedMacaroon8051,W2jt1bJ6ybcZeu4
KookySloth829,wRq6GzAg
OffensiveDividend2854,HTo8xP3A0RO
Well-LitWraparound1195,AcYsSZ0CaHcQVng1Rfd
AnxiousChasm5096,bt9eckycrJC4jO
StaidSand4624,cy3FVTMA1cZptb
DependableCria,iDKhQ4w6IiplrvWG
GroundedReorganization84,4RsdaanH
LegalEpoxy0463,IZFE8Zy6rUA4Uw7bqIZ
HideousKitchen5,LOW2Mo5Dr3nmQ
JuniorStandardisation2298,BLZbuJj7Y
RemarkableOvercoat,66DUfOWGk5
WorldlyFrustration98,MgqfmZ
BestRocket-Ship438,uYDUObd5Qw5CyZkTg
JadedGnat7087,CHgkZS
KlutzyCicada,O84wrM5L4XnXPQ
DishonestMarten9354,1w90Y41Vt1mFkQUf
StaidInfo5149,zdeuwUkYsLhwZmZ8o
WorthwhileCommunist,MQ4XzeHRMNk8vV
PlayfulCar7181,BfNww449y5t46CoKH0
MarriedOmnivore9725,D4C0WJUiRp
OblongMan9128,xYbBhIay3FD
ImmenseGemsbok496,M2cc2u
UtterGaffe5238,eeOBVYjC4mxl
EarlyPheromone0,Wx9gjnAnVkHtSNKq9g
InfamousQuote8893,Jyc1zApeKPyU
ScaredDaughter79,Q7vsvPPn4pDC
UltimateRecall7515,XYslRyaZorG
IdenticalGinseng86,Bdp9qz
RealSignet1861,DBLRVotDJ7ng
DisloyalCrowd6043,abSqjOFxMxJp3XL4dxUh
EverlastingPhysics99,O0T3qQZ
AromaticHole5535,3cRUE3QmRG7wxdnrIjq1
ElasticMallet882,sC5chxE3QoHf
RevolvingAlteration,lM7n8G53U
ZealousDevelopment40,rausxWQg
SnarlingCrocus73,HNCSKpcv
DeterminedDay07,hL1ajOZ8LcSI3VuJSqpy
SleepyPainting5,yvmZFJYq2Hz7jf
PricklyTerrarium7507,cwrIciGAQLVuh
GrimCertification6557,aFerhfus
DeterminedKnuckle0308,0mFj8X5156
WeepyPowder582,syJ7ubi1dbBYhvDj
ZealousTimeline7,7s6wEuj2kI9VynRzVh
FlashyDevelopmental,r7UwakndKRiLtartYWN
RowdySprinter98,1Xi9RIEu7B0gOCG
OverjoyedPolliwog,JIahxgDphDwAcsit
SuspiciousOperation966,5vhYdlcE8pRhSz7V
AustereCoil305,BauOASUh5HMFoVqD
HandsomeRaven1688,gskpyV
TeemingToad165,S83j3q
SinfulAir,7JD1mkYUjOSUOMD
OrnatePrey,isYfOYShxRETBtYaPX
AcademicSultan0,uZVR1IYoSQF6CzOMN7x
AdmiredWorkshop19,lpukIU
OpulentHiccups1787,iSY4PkSwqLVDp6q
KaleidoscopicWatch,dF2SQ3JBGqKuPXfYb9Tf
BeneficialWorking417,aitRcHh
ImpureSuite,miXMizRko7
WeeklyMorbidity,VrPjmyyL4SptOB4Rnr
FlawlessFeel232,uolW7V3d7VoA
StrictNormal8844,SvDNMctY1MMbL
Extra-LargeRag2703,lojzzhHe8uyXZ6vR8
AncientRim826,FOp3TpIqKhKtY
BeneficialOpportunist,xvvm6J
ClutteredFaculty007,rc4BBFp
HauntingGraduation36,u0Kriy
TatteredHumidity8,b9MIoDf90JjHnv2KRQ1
GivingBail6207,687Mg9tvDHNgUANa
ModestGuarantee531,Gbp7KTP2UizJMl
JollyWoodchuck,8Kn7xJWkg
StrangePantyhose0,0VMhlKzI0l3
ImpartialZombie81,WX6sRJJkqwzw
NearPenny7,Lvmy72JBr8NXuxkV2k
HastyCulture,FII4u2GKuTh9
LightShrimp93,M62ypzeAHxvPERVv
Well-LitBoyhood,42qgvCQjeQtha4Y7M
CornyMole76,0dipc38Bd49aZBsfvp
PessimisticDiver0,wUdOL7PZ5jPIX
LoneVote7135,xpatn5nX
WhisperedMonsoon885,RYAJxjinyIm
GleamingAstronomy062,nPMv4UgvWfr
PureBrother759,cnZB3T6BLP
CompetentRomaine4228,a4lvSxmpCIKSEF
IroncladFir,tk3WO9CujyMYAWfbZaez
SpeedyBladder4063,BoWhrpw
PoisedPhosphate3297,awIVyVjTsrqBHyGq
RadiantQueen39,h7FLfMY7H5
EasyAnalogue59,4TAlKM9Cy9yN0TDoa7kO
ShamelessEntity5,N5EjqoOe2A30
UnluckyTrout28,mIB10tTfflhEwg
YellowMenopause05,47mx7KgZffBYrC
PitifulSnowboarding970,nQXYqfs17i2CZi2G5b
Happy-Go-LuckyFirm048,Xyput9tvEiYp
ImperturbableDialect32,e3X5bvy38sgk9mnMgK0
PersonalCord,GDCIfltfQuTtR
SardonicRostrum41,8rBHZ02qdDFdGhi7Yy
Ill-FatedGarter275,cYlzAEhdqkIJzdeR
JumboSunflower,LRQeYrp1TpGNng
AromaticRaffle083,D8ZEK0CYdM2
FrizzyTin299,uAqDLcdrfL0JeglC
GruesomeWaterspout7,AoW7sWLhUHoXw
BossySubconscious,QulJfnQZhJFaAKJ8cks
VictoriousPrize5,FzSAbaJdc1dMvQHubMaZ
YellowishBomb,MKfdlSiB2H6j63GxR1lL
CloseInsectarium131,h2hvwu2hhpslOaHDNKI0
OrneryOeuvre2063,lwqCDpAMVyGxqy
CanineGood-Bye,eHljRdOC6xNH
BrownFuck6721,E58FBDYpBfSWva
LinedDiscovery64,zJdlDsre
MemorableWaterbed,W6yH51IMFVUBgOmCaW
ProfuseDishwasher961,uhyVEzEpHU
BurdensomePressurisation341,bnvmpg
NimbleLeather796,gliIAbDGuii35EL
TautAction6277,OHwogKmIa1s4wjN
CaringNetbook169,sMIQspvjOwuoHQ
InfamousTabernacle,iKuWOu3ucXsM7PkFh
DampJiffy4,h64YRXwIzD
StrikingHonor,vCTOQE85p6eT
SpiffyWorry9,6LChzAB9mnFSxp
Made-UpCrane,pz13QJYlCIqC8
ContentConsensus8373,90aQBpIfcoGFjbn4e
BeautifulSomebody2723,6rzcDRw
SqueakyGran3430,C8oTVJVNv
ImpassionedGathering,oUZUjNv8WmzpMbeHXx
DaringSorrow2395,sVRh4rn7pd8v
JoyousCarnival,hzt6uI9wRg
MenacingAlder,5nre9Jtacz8uGvTuRk5
StarkMatrix0287,WdqtM7WMgaMPogJyxyLd
AdoredVaccine24,k8PFXFvUCn0
InfatuatedSunday2832,OAY1RiuMpYb2c
FirsthandInsectarium3583,y4YqaycUjVF
IncredibleGlen83,5dRHycYmZBVwr5Id6J6L
EmptyBra2,Lbi0Aphr
PepperyPresident23,TscjFoWB664Z
IdealThanks743,5mOwHPmmXTbIpvV
EmbellishedCurd08,jDbVkX
SorrowfulSamurai,suhyQoicFZecT17Pe0P
TriangularShoes5,qcRKz5KVEDXRP
SarcasticIndependence722,ddUz6i7YaW6B5oPvE7
PushyPianist37,LNYytlxpz6IcqNIOqK
AngelicLayout093,H4lVBYcn4ZoS
TerribleWinery4,fDnp3e7b733blhy1dBsK
ScentedCocoa347,4ZZJECfEc1GlKlUNz
RevolvingMeme0797,DcoOrFlDS
FirsthandAirmail392,WkXOUusBO4zg7NAI
UpsetBeret75,7V13dKZIfMj9Id
SubstantialHog413,D7eUTfTZ2o1me32XBt
KnowledgeableSurgery,P50LcDq6gIsB
StiffGuacamole64,uURZ23w
MindlessBagel119,XIYEjfb3hLf1A
AffectionateStallion305,RXHaWxuf
CloseRaccoon970,eqaemyrb
FeminineClockwork532,55zsf9rpV26sN04u
SneakyYurt12,CUJcN7b5ZNY1H
ValidWick8,2YRszJ463T
UnusedCinnamon,fTvVBTOv1m3
LuckyCirrhosis866,JhW84TZzgQHpUZNt
LeafyScheduling,cHtqLfTuzvRsGoR4XRlS
BewitchedAngstrom0,HrEOAvg506KPi
YummyFocus8,3sOPfgt2bUL0FPlKEE
BrownBand7719,8PNzsUDxLattWqunxEs
UnripeStench947,JxqKCvjCtKVWNixQA76
AdorableLatency3421,vxReBfYWo7Mvxtp
HollowDriveway5,iI7tY6hSolw
FrozenBathhouse9136,2q1Nimw09vhn3
BitterOutcome488,GfEeid
SubmissiveMagic9,PHs98GabA7HR
MadStimulation3980,xm9BKTL1kslN
JumpyWorld92,lVFp2TUk0ibw
WorthyCook760,4dAahcMQhoLy4CV
MuddyHiking3,gkMyGKxLOP
CloseAfoul1066,2uPkXc
ScrawnyYacht,AXIkISnyilJGgnPSE
IlliterateDocument817,tSlQDY3ey77xSAsKP9F
HeftyDeathwatch,KyYv5yJMETpP7txZS9v
MetallicDressing9,QpzGXjpDc7GZtxL
AfraidStamen,kTX7Ct0hTC1J3EY0R7l7
LoudAstrology,iwjMNj0
GregariousShofar,Q1OJt47c
DistantThrone,mgYD7tkT70FDLuSu
SimplePhrase,lShQREoYSmhB
TastyMole96,4v2b7KRsT
FlawlessFavorite5,Td356xTicpWc3l
StainedRecommendation,pCq7TIjxCZSdd8z
GentleBra3,XnU3xuq
LeftSurfboard12,5qDMll6T4hP
GrimyAlcohol5,QkRg0bG0zaCq0CRA81u
GrandCoin1808,5gdBOaHDwNHO
UnfinishedSpectrum91,dpXQhxGdymZTWcrQkv
StripedArrival968,EK5F8GPBE
IntentionalHarmonize01,mC7PrpURdXYIPUrX
SoulfulEcosystem,ihBVOnCYXHsA
WiryConformation7651,9ynXWf6JJnd92Q1KBy
ShyCollaboration7019,Crlhc3AmlU
BraveKnife-Edge51,x2WSZx6AFyIk8
TreasuredField3534,rBgQk0cp5mI
AngryContact,6BUwbz
IrritatingShipyard,aYtt0WiKVH2cSUfep
VirtualBriefing8,G1XUlv0wM3tu
VapidArea83,2XqpnkwiAjz7VQmUHF6m
DefiantForce22,elIwjf3KK45
DisloyalCareer85,ZqsLxCi5a
PepperyProject4243,eVlB3cDaqHqjDlmC
ElegantTheology,ayyReaVLmMheYlWD
MalePassing1,gbik9wFrugcBGnSr0N
UnevenSlaw,px2bWEfGpfD0Z9nAd
EdibleException4356,9qUouxs4BqmD6n2FCLt
TrustworthyWrapping,0CbB4HS2aAafitrPF1CZ
TrustingFort07,xyt5cr1Sq2Q1n6IAGzq
Far-FlungPannier209,O1ynd7ChQLMH
MerrySuspension7,HDipUk4R3CaD5aHt4
DeliciousBoatload9,mgzTN9eIt
WhirlwindUpward645,qm3Zr0gH7
SomberEvening,HJy8qy
MeatyFlugelhorn504,vy3zWbGt2w1bDb90G2FY
TrueApplication88,Zt0pfK85KULmGhgOt
IckyOctopus44,EHWcBWMU8qb
JuvenileInfiltration,9EaliXInHwWYUJX9hr
GlaringLuggage9338,9AtpJRLk9BlutxzJ
WeirdBelligerency369,IsfvZ4fRQHlEm0t7
ScientificMessage46,VmjKmjEf5i
Well-OffHalf-Brother662,0IzTo5eD7a
LividSponge4437,HtC0h7m27RGzBrH
WiseSkywalk2,nqlFGz9ILztr1tM
TanSchool886,KRENBzkScAPbk
TrustworthyCymbal42,nNrJCe4Lt9UCEBK4OnSC
ImpoliteWildlife2,qpKvuTmU4M11vYtbI
CurvyTeapot,v2Zj4m29JsZMrjxOFaV
DearBackdrop7831,m2nmnshAuLNz
FlimsyTherapist6387,sFJkK52Mez
HeftyPunctuation75,4d3p2rgDW551k83
PracticalSomeone61,Wijczk
ImpishFamily54,b93F1qZ
DimAuthor714,VG5Jg9Ri9zHI
SnivelingNewsstand,ThPdmuniQb
FlamboyantArray,hwjshUrTPeB
AcclaimedCreek821,UfjBxDGtS77AaR47LOw6
ScientificRobotics6,Q6iuLtka31
PopularStalk48,Gk79Q0R
OldFilter,iwG6Z0jOKN5hsSQ36q2H
AnnualDoing9720,N0Fy4EwsCh7sW2Enzb9A
BestSalad9781,1VRdUc96IQQBAd8d
RightRing8898,95wa01PsA2rxi90RP
WateryWiring84,dpVdTSSAKhkSygliQAT
DifficultSilk519,brImtSwKVR99PXaRx3e
GrowingWall5127,kbA4oRbEEQ
HeftyAnesthesiology3,wMGoCYUG7ZcXI8DrV
SafeCuff-Link9363,zqxstBy
ConfusedBuying8473,ORu7f6lfi6Usg6
SourBegonia090,xK0Hv2ImjrITfDRuBd
TruthfulMix5,wAJHDggPXnNJ
LeafyLocation57,f1kJlhRfu3
ZestyTransition,VGWYpC5W7Y
RustySnowplow248,6aMCEl1uEAAUAyq
ZealousSkywalk72,s9juU23ge5sZGfyVys8D
CylindricalWhelp,6lsayrq
HarmlessFanny3867,xaNELFhWBY9Qkv
ApprehensiveMinimum9688,MqMx3kes9eaFff
FickleEmbellishment,TpxnF3i
UntrueSerum3927,E9quJsTLxShWDzC5
ThoughtfulHat87,lVVfmeOGy
MajorMousse0033,YTGTIhOVymh6wP
HealthyWeeder,f1HhjDeNgRgMWk
PresentMadam3,JRhwLgKv3A4T
SnivelingCephalopod7630,wR2ev33uzVnPuVSPhZ3n
PastHarvester7712,xHyFcrGdjJXabH
ForcefulWorry44,Z4vHLpm6pG3hvQoOyk
TameRespite4026,uQp96lj8zi1B
LeadingCygnet3,YbGKb4oaTP9REu
ConventionalMonth0,SFL3c9aXUBm
ImperfectBulldozer,dsTzpzAxELJ
GaseousCobbler133,GGCGgJGoUzFU
VivaciousSecretariat3135,gGW0pXozjLYGVx
PreciousRoller5,eaMGvE6SY5z
ParchedBrief2,w9zbPVLlu6AVTQU1hrT
LikableLayer275,BawEpW
NeglectedOption8,l0REbuVb
IdealCorps,f2sXvJ94voZ59
ShortHat925,7qCAg3uH9E
TangibleBeheading11,Tv2cZ9
AttentiveDogwood,hVqxtte29Y99AD
ObviousEnergy,48FVVa74if26
DiligentPhotography9,9pzE5AoNN3P
UprightChart0117,d47lrfIpE3U2oh0oQDXG
HugeSynod1,3lkRHrHhDXnx3k5
OrnateCyclone703,tr3lcXgfg3eLDHGdNd
RectangularAcid771,EUT3ta
TerribleHacienda55,3OMnsN4Exg
PutridCertainty,rfMG3aDq5CDctLeQYIV
BlackScenery0480,nzb2ruM0iPgafrMqOP
AbleCommercial6233,nqquCf2
WelcomeZombie1,gXOVGND
ExtrovertedTechnique1115,1SLOyGPbU
HonoredCinder8400,W3CWVKzIpq
PhysicalBall29,ILNk8Qp
AustereSandal46,T9GMDNDgy
DearUniform177,kEtYOF5rO
DentalHarmonise7284,p3Zi6DTlaWP7Q2CHlC
PuzzledEdge,vFhLVK08pF5xk2
SoupyStructure0,CTUDB9ZbqqVjLnb
AffectionateLoading0477,YmL3O9m
IdealBuzz38,MnVA70Xj
LoneIngredient3026,oHCzLTYpqoJHQ4Rx8LOC
HollowSaxophone573,Na6YgGA
QuintessentialPencil,ARbaNQc95dv2xqTYEQQ
RegalBidet,RgdhiaQeH8gL
SingleDrop,rH3Bbwxx
AcceptableIsland13,d0PC9RBqeK6eCGYTP
HumiliatingCrazy,DNtGds4y4LZ2Q
FairPremier8,neU1THbhT
FixedBrochure0458,15dPV3eV8if19CypoqY0
MushyType6314,kdFSMH9
GleamingDrum3,K4SDprbjae
FlippantMukluk3,9OluUx
VillainousAnyone,io6SUqEmtTjsA
TurbulentAmbition2,TJJp9SoxDRH
SmartLemur26,vsF7BI97voOe
DefiniteConformation,Jq2JxOOJd7rMC9
ElectricTissue2,vIy34sbkrJv2rV3XA
TangibleAlert9,rYWiH7OJiGCaIyzEVe7Q
LumpyAlcove,V2DuMi1KT8XkWjQW
ConcernedPlunger,7QGXTTWu9QIyyhrt
OtherBusinessman565,MUXIssm9LELVLoH3
NoisyWeather,W2vik4LXvdJB3xUHBoY
ScalyMorale919,4bV7kl7fBtdpMA5
MinorVenom8,kzoeUPSf1gKABMv6
DescriptivePipe85,tQn9IwPyO
WrongJack1,j9ZV1JpFYXP2WaQS
PresentDreamer540,6ejjg4YMs399CIzYM2
AdorableEmphasis999,sg240gIKtPNzwZ
AlienatedBone61,YGosNRphK6lU6P
PrizeEarth,vYQstAKHZbtkckgj
InterestingElbow1038,mNmmY3THyiMzLcV
UnusedPlanter77,xu0DgEm
WorldlyJar84,bZBkUB
IcyLynx,LkOa4g846XFn9
OptimisticCycle182,eiBOYFfr
GuiltyPhotography76,lV4VmByD4PQF90tDybr
SuddenClaim9624,5iRfunHHuU
Black-And-WhiteImagination,m99rP2zqLJSySroFte9E
ReasonableItinerary7,vBUlzSlC7a39I
WeirdGlacier0,TpQ7HoCk4FmMy
WretchedHousehold,v4hhom8mZpQNf5
PlasticSalsa5410,y9mgKX68j6X5
InternalOasis92,WxvUXHJZzuLgFZ4Tx2V
VibrantTune4,8y0OJOLH4i
RawEnergy230,TnrSRzDWon
ValuableCollar4,t8xgGVzl5ZF
FrenchHashtag8,nso7HswG9pquyxT8Q3
HorribleVolleyball44,F31KRyuZ0YvBLC
UnsteadyFinisher1,5T2IM0Nek9UDHMI
GlaringMonsoon27,PeEOclx195BicG7r4u4
BlankAnticodon02,f4eNxfWnpUCUxhMNE22
ImmediateRestriction4,ubFrTG
QuirkyGuava,FlnuJaZt4o
TalkativeController5,u7BMlk3CtbtaKPMFZMOx
SlimyGrab-Bag,h3gPOIq0EdXGR
HardMeat057,FpxKhckT99bG1H4o0wvu
PerfectPharmacist2,CNPCX42OpVK30Ii9
AchingDoubter710,OLwI1TQTlJ
SubmissiveDairy910,e3Hjs8PqrCS
RaggedHardening594,w0WrGQnKLoTT7IpTlmJ
VigorousGreat-Grandmother4,2CSNLRDfVnJtOAdDHe
CleverAirbag626,9IueDfDAUy
MerryFurnace06,A0DckHuipZkl0T58y
MindlessNut873,DNcoeMvW3VX6NkiZWu
OverlookedSweat9579,W8tF93sMFGippU
EvergreenChairlift823,66v1ITqX
PleasedTell,5xivYAtqgQZdIraHddx0
BaggySombrero8808,OUUZnIPjuW7rk4e
DistortedGoddess82,QVgXKaz2
Well-LitFramework820,EKbyU48
DramaticAdvent438,5vqo5twb0T
AverageBurrow060,8KvTi26TvAsJekSmt
UnevenInformation,QjMIURK9tgDRWk
MarriedLiar8685,bXlTY8Hkya9
FamousBlocker,kYIgTd9KbI
JitteryDagger208,anoKPT
BronzeTransmission,MQ974VesGUFr4
SleepyNorm752,Bh13PwyA
OverjoyedAutoimmunity002,N17yhDOUNfylQX
GiddyPlayer1,HxBWYzw40BzR
WrithingToot,oJ6WaDFD75
HeftyOuthouse,aZgEgGDqZwmC
PureStation-Wagon0903,15boOqHBey1L
HungryChronicle691,xRaNzYog9AsE
CheerfulBrilliant,jDbeKDweHuIbtT9
VictoriousCaterpillar0444,CvmKubAKJGUCpr
OverlookedAbrogation1879,OnGZqFbcQkzZ2kz87mLa
CoordinatedThunderbolt,tH4jFFSIEjmUIOwS1nv
SeriousSurvivor,1azENq8dwHwNsPT8
LovableCoffin429,FJlmA0ukodUtSRakrd2C
DazzlingEstuary2447,XYj3mMqQE07
ScientificDisposition2,ymVGKJB5TC1nUN
Easy-GoingAngstrom60,rpuebZ2xJJERAS
WeightyBronchitis398,4BiADAbm
AngelicApp557,1pcmlXrRwDGOjqJV
BlackCoverall443,soRo09Aauq58qn2qaWRp
FavoriteMargarine40,1imzLlfeF053fzbh9
NippyBottling4,nrn31gaO27P9qQeIMZ
EuphoricClarinet2,0P9EQFSvlL9vaoGkSZ
QuickInvestigation7,DsQHx2X
GregariousFootwear5,Eh1aeI
LividTissue21,A7AYwq
CriticalLand397,PSL9UCTIhrh81MAIU
RealWhole,pp8l3mjUwzPpEXlB
ImprobableGirlfriend,NuRqhMWoiI969JrcF
OptimisticInspiration671,25andXcqC
EmotionalBronchitis03,cNG00V4wZisMMC8AD
FirsthandEyrie5999,rpHv61CHFGOYtW9AV5IH
FancySun3,liPj5RGEn1McQKQm
LooseSnowman0202,XzRhH0QtQsnDx5VE
PaltryFortnight662,fZWjHMNtqCxkc81PQW8v
MiserableLanguage4,eLn6nK7
BlindMemory,1o6jc6eN1h8DN2qXxo
AwkwardDeer2,3LQ5j3UyaQ8hl
KnobbyUkulele,Zj7EU4jiL0RzXuYm
ItchyClause67,KQSlYof0Q
TrickyCabin42,OhgA591HZ98RcRuMc9t
UnfoldedMan5816,L8K40jXpxlwzuG
WigglyRating8,6DJk6bVpXyePgYEi8c
LeadingSilk87,LkiFGp9p
PowerfulVaccine325,bk5OOnHLZNE
Second-HandGong,Spdjy0jRO
FussyGraft01,dkjacJqiPFhP2JF
SpryTailor4673,wA8CVuoLBtq49
AcademicElk361,d8IJTKSBDh
BlissfulStatin87,dooeDz1vLP
InternalWoman85,qUcv28UsaXTi6ba
InconsequentialSpume0,6sZPtcmNZ2zTY
PleasedFather42,R8kPF8b
TightInterview8055,nkN5RMQN2iTcr00Z5XIv
HarmlessStot9135,uOeQL697IYt
EmptyPyridine90,pa4r51
FrontPurchase,fMFVxsju0BLgSone
DisfiguredWork5943,M2zUjnKdc
GenuineHide,IGaiOe
FreeSoybean722,LO4CmjKcsprE0c6
SaltyHundred24,BQquHg5nEMaQz9ZXMo
GrotesqueHood,Mhsusy6M
RoughForgery7,xB3MG9cO7e1Eu9
WickedMimosa411,5VuvtKQlql4VIdVt
OrnateSteel,Xr3WXku0ICtyula
GullibleDome80,HyOgZAx
LongDerby0,FFaKkFIOQXxOhfp
CanineSavory0,6TSTOC7bPGXMsuf7o
Well-To-DoSearch06,YcBXlarX6i
AffectionateStructure958,rw5ZqKjviU0RVP29ryk
CrowdedPreface,L07eUNsrNwHdIkaP
RigidRack,YWAdSXrd
StiffIncision,pyuhX7
BonyMiscarriage87,lVK9JI1wh074
InconsequentialTensor64,PRNFVFS0wPECzLts5K
HighMall4,kh6t1la
AcidicColonial7745,w5VvyGQh
MotionlessBayou63,IFKBVpYvFA6LYD
RunnyBrushfire178,QRvZN0qAXbh
LividNucleotidase,KyoW3pVwhMgr5spGHWV
MaleTraveler339,pvryQ2yPiq2T71
DentalTobacco5197,zx1JNF9boEdyk
FarawaySolidity171,QMGrqbU7UmAVyxbrAK
HiddenName,xU2Ux0HI
DentalSweatshop337,IOiu9I8kSjkZ2TUtCBd
AnxiousMattress809,iPOzZH3rr5yRZd
HummingCivilisation444,02nsUzK9WCcU
LameFilm3496,BdB0ZpYkVWucH5E
ThankfulParticular,4EUfkwTCB6Ko01kEx
CluelessOregano8,0iAH5ze
MonumentalChronicle0,tEl7Xz8VxaA6ursZ7l
GentleRayon59,MwrDIA1dl0g
BlackSimvastatin,ADO0nwSRS6ULR
ActualStand03,UmV4wSnI6FGmZDXL
DramaticFarmer933,k4JTBKKsWUXjq
ExhaustedHaven093,RJ1ca0B2ZHoeI4NqDr
ProbableWin,w4FYMMtr
SickTobacco,1kVw6AH
GaseousPerfection477,RtufufBJ
Well-MadeMagic65,U1WzEIJrk0FM
DoubleGravitas55,1ANmPRJP
Well-LitFireman5,XJngEN53jBZGYjI5jNoC
KnowledgeableListing20,wPWB7nl4Q
ImaginativeSignup735,bGr0KyyeeYC7nDep
TallGather9,9FdsuV6y8bxyy
FrightenedTicket,ixn2QabrArrrIaUQ
AlarmedSeverity02,INIwqvXv1PSbRCnvo3p
DependableShearling006,6gP55W4cKpLOZlX9jErv
HatefulBurden,Nue5CUCRRKU9I0W8ltBz
TeemingLightning0725,vJOpcIiVx646J2q
DazzlingRehospitalisation701,L8zvh73nYl8W
WiltedFoxglove25,kf887GIZuTHsPoEsq1PD
DownrightEngineering0,Egfa53Wpz6TPEHn
ThirdDerby6369,MxxhBjiKUuzeS
IncredibleAsterisk8,KIzBiX6LSGCBs78
ChubbyTom-Tom80,QzNuc7rDI9H6X
AnyPaperback39,GFAAG6O7
IroncladManager535,O4fC2MXFPG3O
BubblyGrammar4957,eG3OB2KT
AcademicLeaker8414,K9TdH9QJ76
AliveReporter,zjpaWRkw7GnrH
LastCommission7069,qhyHIEdegP
CarefulDiscretion64,0IAij2SmRNpX7Gw
PrimaryDose1,JZH9P4pP7S
PositiveHackwork728,TI8fvyj5m6nF
ExpensiveSnowsuit3427,YCS6aUILeuTKyi
CharmingTanker,R47Yu4Hmil
UtilizedRuler,w6FQjTeF
VividTurn,1YM61LeNED9QpAYvRMSI
ScaredRealm,iZEHhNYSr
HungryBoatyard0,JA7Ojjcbb3NGK7y
NeatSmog0974,mpWwtIb7ToHT4i
KindlyNetbook2,K0r9fqMsG
ColorlessPastoralist,z4TZgR4ancHqNn5F0v3n
TrueDisclosure789,Ab6jTKMfhQ8u
KindSprout3,qUJi6bbHNh5kqr84PH
ElectricFourths9,Lv680Y
MindlessInsight9161,IbLpIR
ZealousTeen,hOtdd3eusGIA7pgF9
BelovedVariant9533,uiUwVh9M6dZdjQYp6X
RewardingDaffodil3947,ANwtQ8Iua3SVqDHJN
ImpoliteEscalator8550,d0pzIqk2OAda9BhS
BlushingDecision-Making,kSae3lTdhOYH
InferiorStrife,66XBxaadIuiYYO68B
IntentIdentity8739,jOtGo4MrlbWRbtsU
BraveFace17,W3MnOrCsg727cTGV
InfatuatedHammer8460,dXkGXAf4yj78in8c
ArtisticConga8734,X76pnu
Well-WornEndpoint46,5bf0zgL8
EasyT-Shirt4601,zqTvnuS
WeeklyCake448,RA00m4w2Ew
MilkyBarley77,fUKzLB9Z
UnwillingExpectation43,0RiV1i9vqo
ShamefulImport7,ebtgyGWjocPxjFv
Far-OffCampanile5877,xfmdFuMmBhQalJTp
SubduedAlb9937,G7Ly8x1mH8DB
FloweryMissionary2,HGXQUF2TVFwP
SaneTurban0690,U6wvpyphx7Ir
FrailTransmission4778,rDtxW3
SandyStallion6627,WGz9UezFziS
SlightCutting,b0I36gFtDI
SubmissiveChassis5587,YtzZWIrlmhHSLpm7T
SurprisedClose34,p7uZodusnrszaE
PassionateFundraising,LyoGZ6KcOmUOdiPOhM
MajesticSequence51,VqKX8j
QuarterlyMeaning51,lSYixV
EllipticalCellar8,KU8dFWdO2DA5qpesm
CarefreeRide,0rDn6FN7pyPy
WoozyMinute037,aXGaD6lbA5qRi
UnwittingMukluk67,UiztybNjeFTFt0egiyG
PoisedTarragon,Jv88pC
WorstAdvertising,1lU2VZCvDxXatf2pRamW
LinearCounseling31,NaDkyEVHZLPRbm
PunctualWalker570,u6O1aL8jPObVCTtN
FatTurnstile4,vZXK8nxToqqX
UncomfortableArchaeology,32mE8igeBzexMb3
PunctualWind-Chime11,8m45kugC
InsecureImplication751,PapkhTZepn
UnacceptableColleague,YxSKUbSUF7TANvAS5r
PrimaryHydrant9,luSqQtqIWiEq
SilkyReader,q8yLBYFpH5Wi1X
JubilantCoin49,DD3gR4IQw
TalkativeStatute,MlDhUODPwmrU
DrearyHeartbeat40,HfvAeBbagQDv
StarchyDromedary56,8ZCtk16d8BE0W
OffensiveLawsuit40,tkPjLICIRLE21Q
WhirlwindTurban64,4KDmcpJLKKld
StridentOrganising066,hPaoThdtPSIw0oZ3
GrownCrucifixion6956,EcEBjuEWiOQcZnDaa
KeyCompliance,zRULe6CF0yTioI1ND
SeriousGosling7,N4DmImEPrG058CJj
TallApartment55,bHfaRv6
ForcefulFleece,A8CEeKgmI9L5pe4i
FirsthandPorter3555,Wxfp8meYDmYULthk
IntelligentFantasy5,XL5Kuabq455Oiat
LargePilot503,etS0CsZTxjGiEcU0L4a
WavyPedal2,aDr7xahoJnpjukYUaMw
FelineState,uOih62xrqMGC2qWjn
FoolhardyMoon102,giJSovpbCCldWdYm
LumpyTwilight79,EZIYSGm90I
CluelessHubcap7,MBhLMsPUOd0xvMcvEl9G
RedRack96,BwYdn1McitRr
Extra-LargeTear0742,JjZMrgAcM6w0BFb
GreatTry64,tJ5i61NL
MoralStimulus945,Cw6lJ8v
FondCation3912,6LEXFZBovjM6K
ClearMed,FyGslUIHjWQ5CA
KaleidoscopicDoubling,L5t5y0typG0yCQ6lR
ColorfulFraud,7CPwxxgLBQNfXw
BonyZephyr,6tBbEclc
FatSequence0189,QfcxgafoZ4L677ywl2
AppropriateAmazement63,71AncBPC66zeOf
BeneficialChit-Chat,I3u72b80hkHEDAn4jY
AngelicDelay305,pC8v5eLwLDck81uO
EnchantingCape710,2z5rxJUQ
JadedExaminer320,0fkSbDTi1ZGFssy
MajesticCabinet8,VWhSAGWYIqQ
StupidTape461,9HGQSwq7DPWmcu8X2A
FloweryDarkness,HDokVpxO
RuddyCutover3,IcypCZWxSriwSnQlUJkg
BlaringAdjustment7,k4erdAOv4
DiscreteJug932,k2VdxC69Wc
FuzzyEyelash82,oiGnHpqQndz
OutrageousCleavage2,XNi9VvMmuMvthe8N
InternalWeek4368,tBJns2vvC02UgY
AppropriateKing,Zrum0D0J
BetterBeam205,PxHWim83yT
IllustriousCalculus0,6u5JVvjS
AdvancedScraper02,nb5YcGs
PurpleCummerbund0,SH4GyGbMx1mbTi5
LegalBeam117,ESELbznf
NoteworthyShaker8,DkcYuWIeh4GBu7MIcS
JuvenileTrance131,Z4EzS89GmY
AngryMuseum592,8fSAWb
UnnaturalCurrant50,cw5FQi
PartialRaiment2041,u0NtaVmSZZ7pTRD
JollyCape6,K0iuT2TeBYx
NaiveSouvenir1849,bzsoCInlSSgcoBJoECj
NegligibleChasm659,hIuVprUO8
GrotesqueCompromise4,BiVdKjMm69t1FKZ
FrailAmenity274,KiDaU88fOugyn
AcrobaticEquality,1uWnlykLGHyNV1PJLAF
